id,mz,rt,ms1_isotopes,hyuA_13CUA_1,hyuA_13CUA_2,hyuA_13CUA_3,WT_13CUA_1,WT_13CUA_2,WT_13CUA_3
43.0178@4.943,43.0178,4.943,43.01778:11412 44.02113:584 45.02449:6487,29616,29296,30404,27668,28470,28381
45.0332@4.943,45.0332,4.943,45.0332:6667 46.03655:0 47.03991:0,17605,16577,14560,16719,14660,15283
55.054@4.565,55.054,4.565,55.05402:28488 56.05737:33782 57.06073:900,84495,83577,84000,90816,87586,93336
56.0494@4.564,56.0494,4.564,56.04944:31029 57.05279:900 58.05615:0,92747,94968,94528,99565,96691,104809
58.0651@5.336,58.0651,5.336,58.06511:671662 59.06846:26602 60.07182:728,1341615,1786101,1522363,2057190,2240093,2114298
59.049@4.565,59.049,4.565,59.04897:6914 60.05232:0 61.05568:0,15800,16239,19320,18852,19319,19143
60.0807@3.234,60.0807,3.234,60.08066:16445 61.08401:1182 62.08737:0,59326,64659,66005,63605,62179,69624
64.0156@0.777,64.0156,0.777,64.01558:39006 65.01893:1181 66.02229:0,131581,138121,140495,137710,126998,135854
64.0157@5.32,64.0157,5.32,64.0157:171045 65.01905:3287 66.02241:0,1609458,288928,1151569,210235,73670,42115
69.0334@4.944,69.0334,4.944,69.03342:13481 70.03677:677 71.04013:0,32746,35555,36731,33880,33567,32311
72.0808@4.901,72.0808,4.901,72.08083:73546 73.08418:3105 74.08754:216,179076,152558,157770,144009,166159,138194
73.0647@1.483,73.0647,1.483,73.06469:5477 74.06804:512 75.0714:205,17633,19133,18457,17895,15764,17486
74.0871@4.901,74.0871,4.901,74.08708:4516 75.09043:0 76.09379:0,72,81,172,8299,10995,9420
82.0643@4.566,82.0643,4.566,82.06428:5340 83.06763:0 84.07099:1298,17503,15845,16934,17994,16273,17761
83.0489@4.565,83.0489,4.565,83.04891:21332 84.05226:1201 85.05562:0,66575,66632,65027,67909,67553,69762
86.0599@4.942,86.0599,4.942,86.05994:136248 87.06329:0 88.06665:13868,378911,366112,375500,348162,338848,350605
86.0963@4.126,86.0963,4.126,86.09633:10073 87.09968:294 88.10304:380,27314,25324,25117,23913,25211,24366
87.044@4.942,87.044,4.942,87.04398:295231 88.04733:16914 89.05069:791,811432,788686,813101,738352,725051,758277
89.1069@7.394,89.1069,7.394,89.10693:4245 90.11028:0 91.11364:0,23309,21964,19445,12402,12570,16888
90.0543@0.777,90.0543,0.777,90.05433:6648 91.05768:250 92.06104:0,16763,16745,15965,20734,18931,12803
90.0548@0.895,90.0548,0.895,90.05479:10954 91.05814:1045 92.0615:233,31223,32433,33027,40524,39477,24653
90.9766@5.379,90.9766,5.379,90.97656:28707 91.97991:0 92.98327:0,146007,10271,167399,2922,1343,3582
90.9766@5.301,90.9766,5.301,90.97657:102982 91.97992:1431 92.98328:590,339614,5487,113963,15445,1480,5485
90.9766@5.162,90.9766,5.162,90.97663:69351 91.97998:844 92.98334:358,466483,85377,84022,19889,42251,23917
98.9839@6.831,98.9839,6.831,98.98394:8244 99.98729:0 100.99065:0,74638,70573,733,17459,867,110
99.0546@3.964,99.0546,3.964,99.05465:4824 100.058:219 101.06136:344,14853,14712,15982,12474,13918,12942
100.0751@4.701,100.0751,4.701,100.07512:14425 101.07847:0 102.08183:2198,61492,58428,53470,59236,52668,44048
100.0754@4.565,100.0754,4.565,100.07544:317454 101.07879:0 102.08215:48799,980952,994404,1002012,1034766,1017165,1076182
100.1117@4.272,100.1117,4.272,100.11166:26080 101.11501:4008 102.11837:3601,72817,59253,65408,72595,77696,76993
101.0594@4.564,101.0594,4.564,101.05942:844168 102.06277:48799 103.06613:3262,2609453,2606194,2620988,2714204,2680077,2802415
104.0702@0.781,104.0702,0.781,104.07025:8803 105.0736:1051 106.07696:222,17810,25477,21582,26894,32023,17279
104.0704@5.666,104.0704,5.666,104.07035:33936 105.0737:2175 106.07706:228,86912,47360,64024,69288,118219,180995
104.0706@5.058,104.0706,5.058,104.07057:28059 105.07392:1321 106.07728:0,192975,205797,193788,172938,184044,135781
104.0706@5.336,104.0706,5.336,104.07064:1794079 105.07399:161415 106.07735:11270,3858591,4971964,4397376,5614129,6075682,5898220
111.0548@4.154,111.0548,4.154,111.05477:32455 112.05812:2334 113.06148:1197,196590,122819,208620,122858,212001,95872
111.0548@3.736,111.0548,3.736,111.05479:37692 112.05814:2193 113.0615:1291,340499,406921,278429,413276,397598,166273
111.0549@3.916,111.0549,3.916,111.05488:21062 112.05823:4575 113.06159:970,60030,69240,58331,65985,63560,42402
111.055@4.045,111.055,4.045,111.05502:37820 112.05837:2494 113.06173:266,274976,283840,264536,158330,263411,189254
111.0551@4.306,111.0551,4.306,111.05511:22525 112.05846:1351 113.06182:275,84136,105055,88549,88903,72495,64410
111.0553@4.491,111.0553,4.491,111.05533:5247 112.05868:333 113.06204:0,18248,21826,19131,20121,17041,13080
112.0368@5.67,112.0368,5.67,112.03679:74665 113.04014:3247 114.0435:306,45410,38511,201403,42311,42276,40426
113.0706@4.083,113.0706,4.083,113.07056:89930 114.07391:8082 115.07727:651,249462,255244,252330,254557,236403,251878
115.0498@2.27,115.0498,2.27,115.04976:6397 116.05311:408 117.05647:504,24751,21012,20092,29106,22733,24026
115.0498@1.259,115.0498,1.259,115.04978:17206 116.05313:665 117.05649:217,57895,60068,58521,55376,54069,54322
116.0705@2.824,116.0705,2.824,116.07054:8094 117.07389:518 118.07725:6934,58321,51992,56734,57112,57265,55998
117.1018@4.35,117.1018,4.35,117.10178:9484 118.10513:0 119.10849:743,24731,22823,23299,24349,23737,21740
118.0857@0.779,118.0857,0.779,118.08574:26059 119.08909:2091 120.09245:383,76126,88817,68474,90831,94782,51199
118.0862@4.901,118.0862,4.901,118.0862:410490 119.08955:28336 120.09291:2289,1145344,1016609,1065547,931138,1012183,892919
118.0875@4.563,118.0875,4.563,118.08748:5511922 119.09083:574160 120.09419:50357,25054060,25359808,25448092,25506866,25058990,25803900
118.1209@5.132,118.1209,5.132,118.12087:7783 119.12422:535 120.12758:0,17444,17020,18057,16207,22857,25941
119.0517@1.486,119.0517,1.486,119.05172:3711 120.05507:316 121.05843:0,10509,12386,11562,12443,10170,12802
123.0475@1.517,123.0475,1.517,123.04754:10471 124.05089:761 125.05425:613,34284,34181,37843,33403,29526,29769
123.0548@5.217,123.0548,5.217,123.05485:3286 124.0582:0 125.06156:0,10172,8875,9480,6924,4891,5570
126.0522@4.966,126.0522,4.966,126.05224:44258 127.05559:2387 128.05895:511,157665,160648,149682,142719,133671,136675
126.0522@5.336,126.0522,5.336,126.05225:44807 127.0556:2365 128.05896:830,148854,89329,135473,88156,57002,58986
126.066@1.225,126.066,1.225,126.06602:4304 127.06937:395 128.07273:5422,16891,17809,14838,17668,18335,19771
129.0651@3.916,129.0651,3.916,129.06508:6623 130.06843:0 131.07179:2530,19762,18838,15845,18643,16835,12560
129.0652@3.74,129.0652,3.74,129.06525:11077 130.0686:0 131.07196:1403,61645,64370,55437,59671,59145,50211
129.0653@4.044,129.0653,4.044,129.06531:7550 130.06866:0 131.07202:1083,54404,50475,49461,32806,50897,34050
129.0654@4.177,129.0654,4.177,129.06543:7544 130.06878:0 131.07214:497,22844,28662,24883,43601,27655,17202
129.0657@4.311,129.0657,4.311,129.06567:5095 130.06902:0 131.07238:1070,15777,18978,17383,16781,16216,11869
130.0496@6.213,130.0496,6.213,130.04962:31282 131.05297:2413 132.05633:0,120966,115366,115316,115918,124550,111525
130.0598@3.511,130.0598,3.511,130.05975:16623 131.0631:869 132.06646:616,81393,90183,101248,12616,9004,6528
130.0628@0.806,130.0628,0.806,130.06277:4649 131.06612:1211 132.06948:450,11205,11253,9777,6360,9392,18015
130.086@0.947,130.086,0.947,130.08601:5943 131.08936:819 132.09272:6551,14050,19612,16758,17800,14938,7543
130.0861@5.181,130.0861,5.181,130.08607:214184 131.08942:16504 132.09278:6149,300297,360466,388011,501281,577731,589847
130.0863@3.133,130.0863,3.133,130.0863:16493 131.08965:1795 132.09301:1622,52052,57789,55194,42237,43426,23123
131.0815@5.093,131.0815,5.093,131.08154:4007 132.08489:0 133.08825:0,8171,6805,10411,8632,12719,10139
131.1175@4.125,131.1175,4.125,131.11751:54085 132.12086:4361 133.12422:656,136486,136793,134522,134375,134462,141092
132.0802@3.416,132.0802,3.416,132.08018:5579 133.08353:588 134.08689:0,14383,14138,16093,16261,16698,18275
132.1017@0.781,132.1017,0.781,132.10167:26837 133.10502:2561 134.10838:520,83761,39812,43965,64345,54290,43195
132.1129@4.173,132.1129,4.173,132.11288:123259 133.11623:8758 134.11959:835,297938,303840,300743,321063,307050,321468
133.0315@1.575,133.0315,1.575,133.03154:40818 134.03489:3482 135.03825:2204,154674,153142,147855,167311,170631,155095
133.0603@2.267,133.0603,2.267,133.06032:24719 134.06367:1090 135.06703:383,93461,90929,79992,116527,94661,94918
134.0188@5.662,134.0188,5.662,134.01883:35540 135.02218:948 136.02554:0,1263,2083,141737,744,1466,1366
134.044@3.562,134.044,3.562,134.04404:7270 135.04739:257 136.05075:0,23309,21892,21838,26697,24486,25445
134.0742@3.353,134.0742,3.353,134.07416:18791 135.07751:372 136.08087:1277,56783,60070,53166,5429,4066,3870
134.0745@3.511,134.0745,3.511,134.07448:128866 135.07783:2225 136.08119:6085,649566,986512,992225,8371,7988,7763
134.0806@5.646,134.0806,5.646,134.08063:12053 135.08398:2268 136.08734:508,33961,38192,21785,35090,38641,33795
134.0808@5.291,134.0808,5.291,134.0808:26081 135.08415:2063 136.08751:295,26218,52933,37922,56743,73093,72106
136.1116@3.145,136.1116,3.145,136.11163:8228 137.11498:633 138.11834:0,23704,25419,24599,22326,20443,21932
136.5897@7.179,136.5897,7.179,136.58972:6293 137.59307:0 138.59643:332,17640,18981,21696,20388,20037,19217
137.063@1.483,137.063,1.483,137.063:85096 138.06635:6410 139.06971:5742,282014,319861,292558,287924,251986,274690
138.0547@4.848,138.0547,4.848,138.0547:181588 139.05805:17432 140.06141:4458,433372,430928,436831,453216,442404,458285
138.0658@3.994,138.0658,3.994,138.0658:10161 139.06915:758 140.07251:1917,38684,37062,39722,32665,37818,37630
142.0859@1.165,142.0859,1.165,142.08591:15001 143.08926:949 144.09262:817,63291,63084,62464,66942,60460,64645
143.1175@3.536,143.1175,3.536,143.11749:13620 144.12084:2549 145.1242:202,29978,26993,26311,42952,40813,42469
144.08@0.889,144.08,0.889,144.07999:6058 145.08334:938 146.0867:553,20436,17339,20486,17972,16991,19087
144.0805@0.803,144.0805,0.803,144.08052:6782 145.08387:1339 146.08723:271,19821,21087,17701,22881,21355,21866
144.081@3.416,144.081,3.416,144.08099:2350051 145.08434:320956 146.0877:14395,7278606,7580740,7479368,7844996,7848616,8035018
144.1016@5.058,144.1016,5.058,144.10158:5154 145.10493:412 146.10829:241,15823,15159,13819,12172,17722,13617
145.097@4.184,145.097,4.184,145.09703:23522 146.10038:2553 147.10374:526,63684,76002,79174,57399,53814,33439
146.1173@4.271,146.1173,4.271,146.11729:361839 147.12064:65334 148.124:6139,910167,748333,787007,868709,967135,869983
147.0764@6.211,147.0764,6.211,147.0764:211939 148.07975:16263 149.08311:3352,632805,567043,569918,612255,606947,599755
148.0342@4.967,148.0342,4.967,148.03415:36267 149.0375:2880 150.04086:433,75910,80275,73918,68608,66411,71382
148.0346@5.333,148.0346,5.333,148.03461:172144 149.03796:8634 150.04132:1123,547561,59944,344813,35366,13860,5905
149.0738@1.23,149.0738,1.23,149.07376:67049 150.07711:4151 151.08047:5121,218650,178651,190928,218938,197243,306542
151.0422@1.575,151.0422,1.575,151.04216:130366 152.04551:10208 153.04887:5877,504604,509364,479032,545731,546576,485849
152.0845@6.434,152.0845,6.434,152.08453:10713 153.08788:0 154.09124:406,8650,9848,10109,24597,32626,29825
153.0386@1.575,153.0386,1.575,153.03862:5803 154.04197:370 155.04533:859,21845,22918,24013,22394,22359,22815
154.0587@5.612,154.0587,5.612,154.05867:10986 155.06202:654 156.06538:434,14831,8353,26932,7552,7665,8212
154.0971@4.183,154.0971,4.183,154.09708:45672 155.10043:4795 156.10379:1871,103616,116626,109066,120220,108332,117180
155.1171@1.162,155.1171,1.162,155.11714:3244 156.12049:0 157.12385:0,11254,9561,10265,13464,5598,16878
156.0763@7.42,156.0763,7.42,156.07635:185202 157.0797:13957 158.08306:1355,721965,701738,803018,894778,973502,1226256
156.0764@1.535,156.0764,1.535,156.07639:937262 157.07974:90550 158.0831:8163,3538263,3536605,3579014,4212066,4033586,4208496
157.0602@6.457,157.0602,6.457,157.06023:6988 158.06358:0 159.06694:289,43394,50553,45701,40216,30744,27058
157.0603@6.111,157.0603,6.111,157.0603:7933 158.06365:480 159.06701:0,33216,31641,27126,24909,25936,15103
157.0969@0.949,157.0969,0.949,157.09694:6240 158.10029:580 159.10365:442,9761,12716,15759,9997,9682,5165
158.9635@5.379,158.9635,5.379,158.96353:8311 159.96688:0 160.97024:0,39365,486,50306,198,8.9024543762207,163
158.9637@5.162,158.9637,5.162,158.96367:22282 159.96702:454 160.97038:281,77132,26270,12253,4075,6233,3521
158.9638@5.301,158.9638,5.301,158.96379:37683 159.96714:1141 160.9705:235,114622,822,42476,2301,114,357
159.1128@3.811,159.1128,3.811,159.11284:46849 160.11619:4869 161.11955:1683,113915,128431,146854,106439,109413,58470
159.1131@4.545,159.1131,4.545,159.11314:3722 160.11649:0 161.11985:0,11291,10194,14240,12232,13056,7853
160.0366@4.847,160.0366,4.847,160.03662:16297 161.03997:2088 162.04333:248,35800,35475,38584,36048,35877,38471
160.0965@1.165,160.0965,1.165,160.0965:100822 161.09985:7788 162.10321:5067,400807,419115,408598,439568,390001,400109
160.0967@4.114,160.0967,4.114,160.09666:21646 161.10001:4475 162.10337:316,69408,72223,67838,59615,58131,70534
160.1071@4.181,160.1071,4.181,160.10712:27837 161.11047:5163 162.11383:551,67793,64223,66886,70608,67377,74819
160.133@4.021,160.133,4.021,160.13304:52654 161.13639:5678 162.13975:623,124735,137949,124470,129501,112468,121909
160.9644@0.776,160.9644,0.776,160.96442:4375 161.96777:0 162.97113:0,4459,10074,6665,5418,7019,4920
161.1078@3.416,161.1078,3.416,161.10782:2900442 162.11117:446907 163.11453:20456,9684788,10009329,9752228,10184758,10181345,10455566
162.0495@4.584,162.0495,4.584,162.04953:6043 163.05288:0 164.05624:0,16155,16570,14854,18019,15654,17923
162.0496@4.901,162.0496,4.901,162.04958:5001 163.05293:533 164.05629:0,12043,11228,12543,9683,11189,9878
165.0578@1.45,165.0578,1.45,165.05777:4744 166.06112:577 167.06448:787,14996,17496,15494,18191,14434,14796
167.045@1.872,167.045,1.872,167.045:19389 168.04835:1480 169.05171:354,180871,183087,156116,134605,133080,117678
167.0808@4.468,167.0808,4.468,167.08081:6648 168.08416:667 169.08752:0,15290,15509,14094,17223,15449,17472
168.1018@0.777,168.1018,0.777,168.10175:13837 169.1051:2324 170.10846:888,32541,33034,38415,36215,33779,32229
169.0578@6.21,169.0578,6.21,169.0578:4044 170.06115:0 171.06451:390,11379,11012,11511,10956,11743,10751
170.0557@1.262,170.0557,1.262,170.05569:14238 171.05904:1664 172.0624:553,33984,37210,36396,55745,45541,49866
171.1484@3.13,171.1484,3.13,171.14844:3730 172.15179:503 173.15515:0,11920,11505,11532,13062,11087,12261
173.0241@1.576,173.0241,1.576,173.02409:4680 174.02744:276 175.0308:477,16506,17158,17366,18016,19253,16129
173.0668@3.511,173.0668,3.511,173.06676:27872 174.07011:2293 175.07347:1252,139554,182045,142944,3475,3277,1956
173.0669@3.353,173.0669,3.353,173.06686:13993 174.07021:572 175.07357:661,41644,41231,39783,3170,2733,2689
173.074@1.192,173.074,1.192,173.07405:4355 174.0774:791 175.08076:1893,10867,12978,16289,9955,16458,19906
174.0497@5.179,174.0497,5.179,174.04973:15542 175.05308:1461 176.05644:289,41890,38073,29912,18232,11181,8622
174.112@3.919,174.112,3.919,174.112:9808 175.11535:1441 176.11871:0,19250,24602,22905,19558,20429,24152
176.0476@1.955,176.0476,1.955,176.04762:9306 177.05097:498 178.05433:313,6405,11715,9656,59155,51397,42476
176.0553@2.813,176.0553,2.813,176.0553:8539 177.05865:736 178.06201:0,39613,35074,36494,29291,28750,27014
176.0652@4.671,176.0652,4.671,176.06517:14035 177.06852:1417 178.07188:340,48515,39126,43316,46627,50508,51681
176.0916@5.401,176.0916,5.401,176.09155:12328 177.0949:1567 178.09826:1891,24928,32413,21078,29172,28189,30614
177.0801@3.353,177.0801,3.353,177.08012:4833 178.08347:160049 179.08683:3304,14343,14044,12275,326,941,630
177.0802@3.513,177.0802,3.513,177.0802:8586 178.08355:275710 179.08691:5209,38934,37028,48524,129,204,193
177.087@3.741,177.087,3.741,177.08696:8999 178.09031:42732 179.09367:878,41406,30552,41523,36278,32371,25333
177.1017@3.836,177.1017,3.836,177.10173:29778 178.10508:4372 179.10844:596,55988,59142,55695,60755,65563,57168
177.1019@3.988,177.1019,3.988,177.10187:122595 178.10522:14295 179.10858:1219,319156,336270,329479,346522,352852,322184
178.0237@4.575,178.0237,4.575,178.02367:7599 179.02702:0 180.03038:769,22771,23424,20766,20242,19304,19815
178.0531@0.807,178.0531,0.807,178.0531:7095 179.05645:393 180.05981:978,20239,17602,20864,16581,14643,15774
178.0838@3.511,178.0838,3.511,178.0838:256624 179.08715:6034 180.09051:18076,1841096,2023940,2017454,16805,13608,15972
178.0839@3.353,178.0839,3.353,178.08386:138327 179.08721:3304 180.09057:11804,394700,379201,366389,18383,15263,13665
179.0673@5.312,179.0673,5.312,179.06729:5480 180.07064:395 181.074:338,1723,3395,2451,12970,12233,13275
180.0875@3.353,180.0875,3.353,180.08749:9572 181.09084:404 182.0942:736,33367,29469,28755,3765,4198,2686
180.088@3.511,180.088,3.511,180.088:16629 181.09135:342 182.09471:204,86448,64898,93603,2189,1443,2492
180.1015@4.274,180.1015,4.274,180.10152:59632 181.10487:7637 182.10823:1099,159156,159242,151703,157731,145747,150382
180.102@2.374,180.102,2.374,180.10201:8634 181.10536:3032 182.10872:1269,41715,40975,41159,31466,33473,34757
184.0935@4.916,184.0935,4.916,184.09348:8005 185.09683:1509 186.10019:0,16859,19681,18004,20684,17554,18109
184.0971@0.892,184.0971,0.892,184.09706:8231 185.10041:956 186.10377:1461,27566,28165,27404,27130,26602,26938
185.1068@6.736,185.1068,6.736,185.1068:11423 186.11015:5682 187.11351:433,4303,19051,85941,872,759,6375
185.1637@3.005,185.1637,3.005,185.16374:5696 186.16709:1085 187.17045:506,19916,19073,19779,20125,18961,19872
186.069@0.856,186.069,0.856,186.06902:25767 187.07237:2647 188.07573:2896,73831,66665,73203,66708,79957,79058
186.0691@0.929,186.0691,0.929,186.06909:13400 187.07244:2338 188.0758:9390,36784,34611,33498,49097,44925,35682
186.1146@4.439,186.1146,4.439,186.11462:5842 187.11797:656 188.12133:0,2958,22120,40844,2133,1537,4866
186.123@4.702,186.123,4.702,186.12297:5239 187.12632:975 188.12968:215,11904,13200,14749,12480,11670,12247
188.1274@3.713,188.1274,3.713,188.12741:4965 189.13076:679 190.13412:0,16669,15339,15410,16945,16303,19698
188.1274@0.897,188.1274,0.897,188.12743:48426 189.13078:10827 190.13414:3708,98508,113674,111381,115733,104986,123860
188.1388@7.016,188.1388,7.016,188.13882:5924 189.14217:2390 190.14553:0,18772,23394,23307,21831,24876,14985
188.175@6.898,188.175,6.898,188.17496:49130 189.17831:6883 190.18167:2174,74342,80294,71728,120605,139610,186962
188.1751@7.017,188.1751,7.017,188.17506:4318 189.17841:0 190.18177:13588,10323,8439,1927,14056,15239,20728
189.0775@0.792,189.0775,0.792,189.07748:5973 190.08083:16831 191.08419:1814,9626,4552,5682,10214,8438,5298
189.1228@5.376,189.1228,5.376,189.12285:14436 190.1262:3393 191.12956:745,15616,22095,15759,28553,35952,36645
189.123@4.691,189.123,4.691,189.12303:8118 190.12638:1038 191.12974:341,21836,22850,18720,19410,18956,19697
190.0861@0.805,190.0861,0.805,190.08606:52141 191.08941:9020 192.09277:1041,166463,162538,168768,166162,157448,162270
190.107@5.108,190.107,5.108,190.10704:598394 191.11039:94621 192.11375:26767,990610,828670,1200047,1027624,1288159,1497363
190.1071@3.666,190.1071,3.666,190.10706:8760 191.11041:985 192.11377:793,20359,26256,23783,17060,16533,9569
191.102@7.939,191.102,7.939,191.10202:4478 192.10537:906 193.10873:256,18967,22784,20571,24964,18919,22662
191.9621@0.776,191.9621,0.776,191.96213:3460 192.96548:372 193.96884:2203,3011,6563,5380,3558,3631,4283
192.068@0.785,192.068,0.785,192.06798:3262 193.07133:0 194.07469:928,7550,6475,6539,6501,5937,7066
193.0839@2.774,193.0839,2.774,193.08389:3782 194.08724:240 195.0906:981,11164,14786,16243,369,145,60
193.0992@4.554,193.0992,4.554,193.09918:5382 194.10253:783 195.10589:0,10600,10670,9970,12300,11632,14332
194.0809@0.804,194.0809,0.804,194.0809:7798 195.08425:1479 196.08761:880,16363,13683,15194,9918,12142,14267
194.0896@5.507,194.0896,5.507,194.08958:7425 195.09293:732 196.09629:0,21120,8222,19650,5600,5333,5287
194.0954@4.875,194.0954,4.875,194.09538:3626 195.09873:0 196.10209:473,148,177,98,11126,10220,10791
195.0902@5.314,195.0902,5.314,195.09016:4903 196.09351:14278 197.09687:1320,909,1888,1424,12955,10843,12185
196.0939@5.314,196.0939,5.314,196.09393:11603 197.09728:1320 198.10064:1388,3575,7562,4261,29823,26914,27673
198.0869@5.659,198.08690000000001,5.659,198.08694:48141 199.09029:4986 200.09365:665,97964,120702,25081,122485,116030,121171
201.0845@5.668,201.0845,5.668,201.08449:3970 202.08784:287 203.0912:0,2740,2345,10512,4236,3249,3181
202.107@1.271,202.107,1.271,202.10703:4441 203.11038:688 204.11374:2651,17778,18281,18681,23758,18864,14721
202.1336@2.953,202.1336,2.953,202.13356:17136 203.13691:2831 204.14027:0,49036,60621,64201,52848,54486,28238
203.0813@0.955,203.0813,0.955,203.0813:7974 204.08465:2968 205.08801:596,21880,22755,24617,19145,22232,12894
203.1174@0.801,203.1174,0.801,203.11745:87946 204.1208:18982 205.12416:7370,201225,203997,167515,260204,187127,263927
203.139@4.452,203.139,4.452,203.13901:3134 204.14236:646 205.14572:206,8306,9329,8521,8060,9495,8481
204.1233@3.464,204.1233,3.464,204.12326:3241 205.12661:1023 206.12997:504,8320,9349,8833,7830,7868,4732
204.1233@4.878,204.1233,4.878,204.12331:3378 205.12666:0 206.13002:378,8240,8162,8867,8179,6832,8038
205.0093@3.731,205.0093,3.731,205.00925:7719 206.0126:885 207.01596:426,18833,18289,21342,17656,18535,19864
206.0817@0.96,206.0817,0.96,206.08173:13266 207.08508:1936 208.08844:0,60181,57774,63094,49058,53174,54957
206.1515@6.815,206.1515,6.815,206.15152:9583 207.15487:758 208.15823:0,50300,49931,54180,58864,57937,65489
207.1121@0.79,207.1121,0.79,207.11206:8382 208.11541:1326 209.11877:1864,20631,20489,19650,19446,21915,18592
207.1334@4.942,207.1334,4.942,207.13336:6951 208.13671:1014 209.14007:0,15928,16311,15073,13808,13940,14251
207.1335@5.338,207.1335,5.338,207.13351:4189 208.13686:858 209.14022:265,3354,6503,4989,7799,10444,7828
208.0633@0.945,208.0633,0.945,208.06332:15948 209.06667:1496 210.07003:1016,33402,26291,32021,29698,35592,31597
208.0993@0.895,208.0993,0.895,208.09926:4168 209.10261:2362 210.10597:4982,9754,9231,8570,10210,9500,12222
208.1049@5.222,208.1049,5.222,208.10493:5144 209.10828:893 210.11164:0,9285,10876,11032,12042,15009,14208
208.105@5.126,208.105,5.126,208.10504:18428 209.10839:2473 210.11175:0,29802,29016,32051,33528,44114,46027
210.1101@2.78,210.1101,2.78,210.11014:6493 211.11349:1762 212.11685:6253,21091,22677,26525,725,932,587
211.105@5.756,211.105,5.756,211.10503:32893 212.10838:3199 213.11174:305,70342,69171,92921,60122,60800,68402
212.0893@5.107,212.0893,5.107,212.08928:31801 213.09263:3329 214.09599:750,82982,78856,84203,78070,73379,72352
212.1393@4.729,212.1393,4.729,212.13927:17172 213.14262:2433 214.14598:275,48671,44476,47631,51576,50179,46810
214.1547@4.528,214.1547,4.528,214.15471:4048 215.15806:0 216.16142:1490,10859,9698,10422,10550,10093,10204
215.6724@8.101,215.6724,8.101,215.67245:3153 216.6758:304 217.67916:0,18339,9932,19533,15131,15281,18810
216.0214@5.337,216.0214,5.337,216.02145:20388 217.0248:1521 218.02816:388,72063,1078,35605,252,88,237
216.0215@4.968,216.0215,4.968,216.0215:13694 217.02485:1026 218.02821:0,25660,29785,24440,21879,19299,22577
216.0801@1.218,216.0801,1.218,216.08011:6097 217.08346:665 218.08682:368,26706,29550,28985,28088,23894,23036
217.0637@2.726,217.0637,2.726,217.06366:6673 218.06701:511 219.07037:377,27037,23812,26540,26275,23596,29806
217.1331@2.901,217.1331,2.901,217.13309:6908 218.13644:909 219.1398:665,23389,26508,23795,25406,23110,24710
218.0404@0.825,218.0404,0.825,218.04041:8428 219.04376:1249 220.04712:1481,8933,11598,14139,9768,13167,16133
218.0752@5.318,218.0752,5.318,218.07524:5847 219.07859:343 220.08195:474,2656,3674,2944,14055,13179,14814
218.1242@6.046,218.1242,6.046,218.12425:12293 219.1276:2872 220.13096:0,28147,29735,30231,29826,29102,29678
219.1118@3.114,219.1118,3.114,219.11183:5003 220.11518:882 221.11854:215,13509,14015,17107,9863,10024,11784
220.0692@5.657,220.0692,5.657,220.06921:3809 221.07256:891 222.07592:0,9691,7703,3399,7916,6935,7848
221.0764@7.204,221.0764,7.204,221.07637:5720 222.07972:507 223.08308:0,19193,19242,17523,20117,18453,17890
222.1118@0.916,222.1118,0.916,222.11182:15664 223.11517:4075 224.11853:2117,43259,40090,40343,47034,43161,43288
222.1205@5.339,222.1205,5.339,222.12047:13443 223.12382:1420 224.12718:567,2415,20665,3004,28436,7758,8777
224.0579@2.863,224.0579,2.863,224.05789:3721 225.06124:0 226.0646:252,14789,14403,13966,14627,14514,18126
225.0992@0.804,225.0992,0.804,225.09917:8303 226.10252:2459 227.10588:695,11210,14007,14150,15757,15098,13149
225.1234@2.604,225.1234,2.604,225.1234:7114 226.12675:1005 227.13011:0,59276,62487,49625,57867,39113,55471
226.9512@5.301,226.9512,5.301,226.95125:45501 227.9546:1688 228.95796:850,123888,69,23269,87,6.85173950195313,82
226.9513@5.162,226.9513,5.162,226.95126:24897 227.95461:844 228.95797:200,156715,26415,8318,1194,2141,1494
226.9513@5.39,226.9513,5.39,226.95128:6122 227.95463:213 228.95799:0,25902,69,45119,6.85173950195313,6.85173950195313,82
228.1708@4.301,228.1708,4.301,228.17079:4364 229.17414:0 230.1775:1306,9705,10196,9213,10286,9948,11113
229.1156@4.934,229.1156,4.934,229.11555:3401 230.1189:459 231.12226:0,10285,9220,9660,8515,7725,8263
229.1178@6.023,229.1178,6.023,229.11784:4112 230.12119:848 231.12455:320,16811,6099,6943,21226,5953,15139
230.0594@1.79,230.0594,1.79,230.05942:4662 231.06277:992 232.06613:396,23985,20985,21136,21844,20550,23608
230.1862@4.523,230.1862,4.523,230.18625:9522 231.1896:1227 232.19296:277,21701,26385,24705,23791,21556,24128
230.6302@7.141,230.6302,7.141,230.63023:3963 231.63358:317 232.63694:0,15490,16058,17687,14210,10652,10966
233.1313@0.957,233.1313,0.957,233.13133:5147 234.13468:1187 235.13804:975,12425,12207,11994,10478,9908,11773
234.071@5.105,234.071,5.105,234.071:53777 235.07435:5688 236.07771:956,120688,138538,93961,94902,53262,41045
234.1208@4.718,234.1208,4.718,234.12077:8366 235.12412:5598 236.12748:673,21711,22074,23573,23594,22398,23039
234.1263@4.504,234.1263,4.504,234.12631:5486 235.12966:7944 236.13302:2144,3964,2713,2778,4795,3561,14718
234.1333@1.423,234.1333,1.423,234.13333:67507 235.13668:9456 236.14004:1525,291596,298379,287895,237813,217393,237333
235.1651@4.566,235.1651,4.566,235.16508:23850 236.16843:3219 237.17179:0,53497,55067,53229,54122,56030,48956
235.1652@4.63,235.1652,4.63,235.16522:146517 236.16857:21798 237.17193:2589,305302,321300,313209,309384,295224,311770
236.094@1.081,236.094,1.081,236.09401:7122 237.09736:1087 238.10072:446,26041,20996,23170,28116,23852,33852
236.1372@7.221,236.1372,7.221,236.13725:9726 237.1406:1130 238.14396:311,30211,26133,26369,32889,29984,27936
238.0751@1.302,238.0751,1.302,238.0751:4945 239.07845:0 240.08181:348,19228,16232,18182,18361,18645,18271
239.1137@5.769,239.1137,5.769,239.11365:3872 240.117:684 241.12036:407,11375,10600,8330,10632,11519,10824
239.6243@7.445,239.6243,7.445,239.6243:12592 240.62765:832 241.63101:0,75704,54211,66493,42806,56666,76323
241.1539@5.064,241.1539,5.064,241.15388:4691 242.15723:886 243.16059:0,17852,14795,15777,15600,18977,19424
242.0375@5.181,242.0375,5.181,242.03749:5840 243.04084:778 244.0442:0,15551,13860,8767,4085,1961,761
242.0814@0.934,242.0814,0.934,242.08142:3991 243.08477:1153 244.08813:0,7358,7805,5407,11006,7413,10291
243.1341@5.381,243.1341,5.381,243.13409:12518 244.13744:2298 245.1408:0,30717,29935,34054,27145,25585,25420
245.0478@5.662,245.0478,5.662,245.04776:9862 246.05111:802 247.05447:0,8.65671157836914,87,29398,8.65671157836914,8.65671157836914,8.65671157836914
245.1488@1.774,245.1488,1.774,245.14883:20024 246.15218:3931 247.15554:3475,111385,111705,102982,114393,99342,119188
246.0207@0.773,246.0207,0.773,246.02075:9342 247.0241:1158 248.02746:1945,11738,25352,18360,18593,20816,13781
246.0355@4.07,246.0355,4.07,246.03549:18701 247.03884:2041 248.0422:1514,54549,53742,57781,57048,57470,60289
246.1158@0.983,246.1158,0.983,246.11584:18081 247.11919:2799 248.12255:1083,89418,85524,84859,78945,79906,66311
247.0296@4.543,247.0296,4.543,247.02956:8602 248.03291:1084 249.03627:1748,20588,21153,19298,15503,16775,15056
247.0797@5.796,247.0797,5.796,247.07971:5010 248.08306:1017 249.08642:245,3075,2946,12100,2668,2697,3240
247.1445@0.808,247.1445,0.808,247.14445:4360 248.1478:0 249.15116:0,9015,10000,9685,9588,9496,10641
248.1484@1.319,248.1484,1.319,248.14841:7550 249.15176:1234 250.15512:0,33224,36345,28743,34508,29979,31845
249.1446@6.994,249.1446,6.994,249.14458:8332 250.14793:406 251.15129:408,27177,27004,24039,33136,30890,33827
250.0951@4.717,250.0951,4.717,250.09508:3294 251.09843:562 252.10179:375,7993,7340,7913,6011,7161,6855
250.1538@6.771,250.1538,6.771,250.15382:5063 251.15717:591 252.16053:0,17812,14214,11823,15389,13452,16055
252.1108@4.512,252.1108,4.512,252.11076:6322 253.11411:1294 254.11747:1159,12931,14264,13870,14131,11913,14114
252.1452@2.766,252.1452,2.766,252.14519:4258 253.14854:2035 254.1519:508,26657,22618,23235,22409,19796,18418
254.149@4.323,254.149,4.323,254.14903:14262 255.15238:3176 256.15574:574,32804,33277,32604,33379,29799,35981
255.0975@5.212,255.0975,5.212,255.09753:20422 256.10088:3700 257.10424:688,56177,45594,50921,34456,27227,25618
256.0528@5.104,256.0528,5.104,256.0528:25189 257.05615:2046 258.05951:455,51541,66334,30973,34283,12766,6887
256.1156@1.421,256.1156,1.421,256.11557:7258 257.11892:1286 258.12228:759,34508,38237,33717,29712,27566,31727
257.1467@4.634,257.1467,4.634,257.14667:193389 258.15002:21182 259.15338:3082,612208,581048,602250,650192,654737,650274
258.1092@3.58,258.1092,3.58,258.10916:7680 259.11251:1905 260.11587:0,34468,31926,34474,31755,33634,34260
258.1112@0.895,258.1112,0.895,258.11121:4049 259.11456:1846 260.11792:1433,12787,11406,11611,14026,10718,16390
258.1449@6.258,258.1449,6.258,258.14487:283464 259.14822:37510 260.15158:4953,757904,747115,763416,751661,726784,749783
259.0921@4.837,259.0921,4.837,259.09207:29194 260.09542:3665 261.09878:1195,63551,61612,63104,64900,65147,68134
262.0162@0.887,262.0162,0.887,262.0162:3942 263.01955:694 264.02291:399,9056,17249,19358,18660,16367,11143
262.0311@1.64,262.0311,1.64,262.03107:81103 263.03442:10583 264.03778:7758,339386,307231,342560,376196,391665,387677
262.1115@1.357,262.1115,1.357,262.11151:41037 263.11486:7209 264.11822:2607,157103,155155,153032,145561,146369,105210
263.0873@6.824,263.0873,6.824,263.08731:6888 264.09066:0 265.09402:524,24921,24533,24155,23322,23124,20374
264.0274@1.641,264.0274,1.641,264.02744:7097 265.03079:910 266.03415:538,28906,26272,28905,34626,34970,34905
264.159@0.853,264.159,0.853,264.159:27080 265.16235:6335 266.16571:1294,88048,79712,83137,76472,64565,77321
264.1592@0.803,264.1592,0.803,264.15915:10483 265.1625:2663 266.16586:1695,18781,17141,16597,12408,13025,17010
264.6486@7.234,264.6486,7.234,264.64865:4819 265.652:224 266.65536:0,19274,19081,11655,20066,19724,14630
265.0268@0.775,265.0268,0.775,265.02679:3965 266.03014:735 267.0335:283,3436,7552,6512,5280,5002,4239
265.1259@5.221,265.1259,5.221,265.12589:4287 266.12924:896 267.1326:617,7602,7989,7967,12694,13169,14778
265.127@5.718,265.127,5.718,265.12704:28003 266.13039:3972 267.13375:2299,36677,35722,90587,28119,32432,33259
265.1271@5.473,265.1271,5.473,265.12714:5126 266.13049:510 267.13385:228,15834,7792,10595,4558,5773,6209
266.1784@8.125,266.1784,8.125,266.17844:17093 267.18179:959 268.18515:235,86239,92612,95973,101909,99307,94694
267.1108@0.887,267.1108,0.887,267.11081:4860 268.11416:2209 269.11752:1015,9787,10644,11890,10928,11763,10411
267.1313@1.775,267.1313,1.775,267.13126:5216 268.13461:0 269.13797:1547,27911,28836,27598,29407,25394,28782
270.1559@5.061,270.1559,5.061,270.15588:8895 271.15923:1812 272.16259:1928,19598,22151,18827,18751,16948,14325
270.1559@5.159,270.1559,5.159,270.15588:4296 271.15923:596 272.16259:0,13330,12633,11504,9892,8584,8614
272.0821@4.493,272.0821,4.493,272.08206:3534 273.08541:1660 274.08877:961,2059,1118,2087,2055,1680,8071
272.1704@7.179,272.1704,7.179,272.17041:9725 273.17376:1739 274.17712:445,22225,22158,21062,26143,29781,39306
273.0788@4.961,273.0788,4.961,273.0788:4979 274.08215:535 275.08551:0,7341,8588,6459,6107,4431,5985
273.0797@5.333,273.0797,5.333,273.07974:34765 274.08309:4700 275.08645:668,90847,9972,54349,3137,391,856
273.1209@4.628,273.1209,4.628,273.12094:60559 274.12429:6382 275.12765:4504,186920,177585,169451,170994,170963,164751
273.1262@1.407,273.1262,1.407,273.12616:4763 274.12951:929 275.13287:0,18258,19565,23470,18685,25263,25106
274.1658@3.447,274.1658,3.447,274.16577:107519 275.16912:22159 276.17248:2042,279200,278518,273124,282605,274622,276912
275.146@6.463,275.146,6.463,275.14603:4158 276.14938:590 277.15274:10785,10247,9882,9947,10685,11347,9754
275.1744@3.768,275.1744,3.768,275.17438:4866 276.17773:1713 277.18109:0,8142,7047,8231,8900,8529,9546
277.6555@7.198,277.6555,7.198,277.65549:9249 278.65884:991 279.6622:0,33607,34110,32897,35517,32264,34831
279.1286@4.578,279.1286,4.578,279.12857:6388 280.13192:3161 281.13528:542,18051,17170,16008,17720,16668,17849
279.1333@1.949,279.1333,1.949,279.13333:6629 280.13668:936 281.14004:361,44118,38011,39252,37800,40951,42917
279.1362@1.23,279.1362,1.23,279.1362:57635 280.13955:10441 281.14291:3531,212900,172078,183916,213091,190969,287292
281.1065@3.994,281.1065,3.994,281.10654:26822 282.10989:4140 283.11325:1338,98295,91224,98216,83125,94095,89450
282.1154@0.899,282.1154,0.899,282.11545:14383 283.1188:3780 284.12216:1568,31795,22724,24378,24694,23370,27567
283.1628@4.622,283.1628,4.622,283.16284:3597 284.16619:0 285.16955:371,10781,11748,10422,11380,11570,11330
284.0089@4.968,284.0089,4.968,284.00888:16632 285.01223:1849 286.01559:484,32382,32660,27884,27033,24449,27765
284.0092@5.331,284.0092,5.331,284.00919:28982 285.01254:2589 286.0159:541,105603,2444,41820,257,25.7053649902344,25.7053649902344
284.1227@4.613,284.1227,4.613,284.12271:16513 285.12606:1912 286.12942:333,57759,61327,58467,60189,55190,64969
284.1241@4.515,284.1241,4.515,284.12408:8194 285.12743:1736 286.13079:320,28815,29523,27890,23312,23216,24487
285.0319@0.809,285.0319,0.809,285.03192:18458 286.03527:3930 287.03863:3283,37548,56122,52356,51351,53269,32985
285.145@0.91,285.145,0.91,285.14499:4972 286.14834:1699 287.1517:1432,17333,15551,15567,14847,13464,15162
285.1679@6.911,285.1679,6.911,285.16788:12301 286.17123:1539 287.17459:0,38253,36856,35909,49212,49557,50258
286.1502@6.164,286.1502,6.164,286.15024:186393 287.15359:28351 288.15695:3681,509380,503299,515735,537480,533724,574585
287.0472@0.774,287.0472,0.774,287.04718:13156 288.05053:2200 289.05389:8237,16236,29620,24225,28513,30215,16835
287.1689@6.032,287.1689,6.032,287.16885:3930 288.1722:752 289.17556:0,12111,11411,11384,11308,11251,11007
288.0893@2.041,288.0893,2.041,288.08932:9206 289.09267:1094 290.09603:626,46371,44029,42423,57040,49309,54071
289.0479@0.774,289.0479,0.774,289.04788:7785 290.05123:1446 291.05459:3853,9152,15724,13272,15082,14111,8662
290.146@7.786,290.146,7.786,290.14603:11362 291.14938:1795 292.15274:0,41762,43252,44812,42338,46755,39751
291.1423@5.386,291.1423,5.386,291.1423:3876 292.14565:0 293.14901:0,11092,16723,10417,15007,10155,11743
292.1295@1.682,292.1295,1.682,292.12946:5249 293.13281:1394 294.13617:0,24160,20549,22088,21227,18128,22484
293.1344@4.089,293.1344,4.089,293.1344:7580 294.13775:1634 295.14111:251,16259,14845,15672,19733,20176,23660
294.9387@5.301,294.9387,5.301,294.93869:6804 295.94204:210 296.9454:0,17944,110,3386,10.9793556213379,10.9793556213379,10.9793556213379
295.042@2.787,295.042,2.787,295.04196:3708 296.04531:406 297.04867:360,28762,16160,17701,22397,24496,17953
297.6656@5.578,297.6656,5.578,297.66562:9613 298.66897:815 299.67233:0,26838,26624,25723,26384,29266,28208
298.0967@1.843,298.0967,1.843,298.09674:15732 299.10009:2693 300.10345:1492,57836,72612,80239,55520,54162,31859
298.1433@0.873,298.1433,0.873,298.14328:31402 299.14663:8270 300.14999:1300,86898,73407,78860,65764,58090,69722
298.1652@3.662,298.1652,3.662,298.16516:15694 299.16851:3270 300.17187:0,33894,33891,32527,42668,38932,41690
300.1547@2.55,300.1547,2.55,300.15472:14008 301.15807:3008 302.16143:978,87808,82390,80201,78033,80225,87478
301.1182@1.246,301.1182,1.246,301.11823:18297 302.12158:3022 303.12494:1395,66339,56688,63698,77821,55300,89245
301.1883@6.221,301.1883,6.221,301.18829:3348 302.19164:445 303.195:0,15115,15775,15654,10717,12783,13814
302.1208@5.803,302.1208,5.803,302.12082:9801 303.12417:1191 304.12753:370,64176,54184,59276,19698,86032,38420
302.1343@6.013,302.1343,6.013,302.13434:169938 303.13769:26197 304.14105:4617,424803,354624,351949,489266,466362,451766
303.0424@0.891,303.0424,0.891,303.04239:5219 304.04574:1216 305.0491:2365,14420,25970,18718,24453,25265,17646
303.1544@6.391,303.1544,6.391,303.15436:29844 304.15771:6025 305.16107:1901,85027,91168,87067,89946,85848,89528
303.1697@0.903,303.1697,0.903,303.16968:8241 304.17303:2422 305.17639:5530,21483,19870,21863,18072,14436,16755
306.0529@0.775,306.0529,0.775,306.05292:7164 307.05627:1569 308.05963:1000,6321,13833,9968,7383,8541,6369
306.6763@7.034,306.6763,7.034,306.6763:4052 307.67965:485 308.68301:705,16558,16802,16988,19989,20459,20308
307.1256@0.91,307.1256,0.91,307.12561:4031 308.12896:1127 309.13232:1850,9178,10105,9885,12451,11724,9063
308.0901@6.341,308.0901,6.341,308.09006:12006 309.09341:1793 310.09677:791,12680,8316,10047,15891,12925,43570
310.0243@5.179,310.0243,5.179,310.02432:4461 311.02767:534 312.03103:0,11715,9886,5481,1227,400,19.3508941650391
311.1451@7.336,311.1451,7.336,311.14508:7863 312.14843:1392 313.15179:0,30986,31187,29311,39677,46986,47969
312.1295@3.424,312.1295,3.424,312.12946:10888 313.13281:1925 314.13617:321,31278,29774,28821,34673,33761,34059
312.6933@6.992,312.6933,6.992,312.69327:4708 313.69662:1804 314.69998:0,15070,12868,11381,17763,17675,18383
313.0356@5.651,313.0356,5.651,313.03561:3150 314.03896:436 315.04232:0,801.13876953125,801.13876953125,8011,801.13876953125,801.13876953125,801.13876953125
313.1363@5.72,313.1363,5.72,313.13626:6222 314.13961:882 315.14297:451,22961,21492,39398,10406,20726,23322
313.1867@6.823,313.1867,6.823,313.18668:10242 314.19003:933 315.19339:0,25089,20017,20793,37452,24731,27393
314.1703@3.758,314.1703,3.758,314.17032:6806 315.17367:943 316.17703:629,10396,6785,9860,15251,11237,15374
315.1654@6.456,315.1654,6.456,315.16537:10553 316.16872:1891 317.17208:0,36869,36130,34345,35402,36592,36500
315.1764@5.991,315.1764,5.991,315.17642:6550 316.17977:1452 317.18313:748,16654,18240,17982,18185,17109,19462
316.1128@4.951,316.1128,4.951,316.11276:9191 317.11611:1110 318.11947:255,19149,17218,20597,19140,22637,20587
316.6661@7.749,316.6661,7.749,316.66608:15202 317.66943:1142 318.67279:0,52067,54075,50902,48018,44503,44396
317.1704@6.035,317.1704,6.035,317.17041:7857 318.17376:2088 319.17712:466,19514,21972,21974,21538,20616,20335
318.1289@6.367,318.1289,6.367,318.12888:9088 319.13223:2018 320.13559:790,23133,19777,21476,26065,24640,26685
320.1252@0.877,320.1252,0.877,320.12521:4966 321.12856:3052 322.13192:472,11952,12176,12341,10088,9658,9418
320.1715@5.212,320.1715,5.212,320.17148:36847 321.17483:7825 322.17819:847,101962,92948,94936,74062,62961,60884
321.1572@8.069,321.1572,8.069,321.15717:9752 322.16052:1111 323.16388:457,81982,75726,85130,41497,75001,61580
321.2064@3.415,321.2064,3.415,321.20636:18861 322.20971:5661 323.21307:729,49182,48071,45691,50796,52907,52557
321.6582@6.615,321.6582,6.615,321.6582:8844 322.66155:476 323.66491:0,25791,28955,31747,23088,24884,28190
322.1476@5.735,322.1476,5.735,322.14755:6991 323.1509:1928 324.15426:364,7063,5604,18968,4962,4944,5863
322.6713@7.312,322.6713,7.312,322.67133:3902 323.67468:523 324.67804:578,17202,7079,15738,16939,14860,11788
323.1684@5.452,323.1684,5.452,323.16843:5014 324.17178:1428 325.17514:0,16580,12893,10578,7532,5198,6881
323.1935@0.907,323.1935,0.907,323.19354:6619 324.19689:1538 325.20025:852,18259,21044,18961,19369,19084,17686
324.0576@7.42,324.0576,7.42,324.05762:4964 325.06097:599 326.06433:0,25936,26721,25225,30227,30314,27149
324.1036@5.14,324.1036,5.14,324.10361:29525 325.10696:4735 326.11032:3983,61105,62000,68707,65994,68946,67903
324.1149@6.013,324.1149,6.013,324.11493:4241 325.11828:1000 326.12164:370,9333,7866,8371,10739,9571,10661
324.1294@6.488,324.1294,6.488,324.12936:3730 325.13271:623 326.13607:227,11044,10584,11734,11786,11205,12906
325.042@6.7,325.042,6.7,325.04202:7708 326.04537:593 327.04873:476,39845,38062,39033,42904,43241,37056
326.1026@5.143,326.1026,5.143,326.10257:3208 327.10592:1678 328.10928:321,5495,5801,6841,8319,7785,7759
326.1704@2.654,326.1704,2.654,326.17041:8025 327.17376:1648 328.17712:644,64918,64386,61429,66978,27966,34386
326.3045@0.737,326.3045,0.737,326.30453:3458 327.30788:1383 328.31124:784,5333,5164,4873,8884,6652,8034
327.1158@5.168,327.1158,5.168,327.11584:3488 328.11919:873 329.12255:0,10180,10408,9543,11753,10412,10468
327.1652@6.138,327.1652,6.138,327.16525:7142 328.1686:1765 329.17196:519,25377,16858,13712,40604,19618,22964
328.1061@6.8,328.1061,6.8,328.10608:4694 329.10943:525 330.11279:0,15229,31148,2338,39170,1871,627
328.1495@4.295,328.1495,4.295,328.14948:15446 329.15283:2971 330.15619:0,72565,120337,72548,121398,89062,123890
328.1501@4.804,328.1501,4.804,328.15005:4661 329.1534:1277 330.15676:320,22679,23239,22992,23229,22419,25166
329.1564@6.691,329.1564,6.691,329.1564:5600 330.15975:900 331.16311:922,26428,25944,26316,28390,25652,27442
330.1651@5.757,330.1651,5.757,330.1651:35111 331.16845:6644 332.17181:1229,84294,79749,69511,108766,96807,102610
332.1266@3.054,332.1266,3.054,332.12662:28451 333.12997:6069 334.13333:1682,107774,105112,107166,116771,114558,120167
332.1447@6.323,332.1447,6.323,332.14468:19302 333.14803:3587 334.15139:1202,51473,48490,45414,65116,57005,58168
332.3301@1.512,332.3301,1.512,332.33011:53664 333.33346:12930 334.33682:2342,18476,16467,10115,10223,11705,274302
333.1644@6.544,333.1644,6.544,333.16437:5680 334.16772:935 335.17108:330,15007,16039,14966,15764,14684,17644
334.1386@2.833,334.1386,2.833,334.13864:5507 335.14199:1066 336.14535:260,24968,25086,23436,23538,21886,25269
335.1957@0.929,335.1957,0.929,335.19568:7824 336.19903:2565 337.20239:1660,21791,19987,18973,23192,17793,21826
336.1213@5.68,336.1213,5.68,336.12131:10334 337.12466:1467 338.12802:8157,33990,33916,27582,35629,32914,34749
337.1541@0.93,337.1541,0.93,337.15411:5261 338.15746:2217 339.16082:1879,12844,14330,14194,11906,10575,11382
338.0946@4.954,338.0946,4.954,338.09464:3457 339.09799:410 340.10135:0,6825,7294,7033,6769,7135,7254
338.1181@5.368,338.1181,5.368,338.11807:4733 339.12142:727 340.12478:0,29413,9812,25115,4324,2051,2222
339.2491@0.802,339.2491,0.802,339.24908:3202 340.25243:1181 341.25579:724,6074,4747,6148,4504,4590,5783
341.0669@5.334,341.0669,5.334,341.06693:26851 342.07028:2333 343.07364:417,78060,3803,40649,549,7.56630477905273,7.56630477905273
341.067@4.962,341.067,4.962,341.06699:6422 342.07034:1790 343.0737:300,9901,9680,8242,8249,5988,8337
341.1822@5.603,341.1822,5.603,341.18225:4016 342.1856:0 343.18896:1086,14335,19186,9209,18466,16096,16442
343.1705@6.463,343.1705,6.463,343.17053:14674 344.17388:2161 345.17724:795,52226,56070,58136,63266,55725,61752
345.1757@6.734,345.1757,6.734,345.17569:24253 346.17904:5661 347.1824:736,69645,72310,67624,71221,70705,71149
346.0854@5.14,346.0854,5.14,346.08545:6670 347.0888:747 348.09216:1176,15045,15731,13553,11873,9677,8479
348.0695@6.696,348.0695,6.696,348.06946:18333 349.07281:2049 350.07617:580,97203,128590,92721,130751,111192,96283
348.1628@4.687,348.1628,4.687,348.16275:3264 349.1661:790 350.16946:259,7052,5841,6088,6907,6989,7386
349.1736@0.803,349.1736,0.803,349.17358:5541 350.17693:1373 351.18029:0,10728,9030,10381,9157,9652,10664
349.1873@3.483,349.1873,3.483,349.18726:4395 350.19061:1102 351.19397:206,14443,17696,16328,18783,20159,21532
349.21@0.897,349.21,0.897,349.21002:5392 350.21337:1536 351.21673:2064,15636,16154,16088,14718,13405,16275
350.1428@3.353,350.1428,3.353,350.14282:9974 351.14617:1195 352.14953:839,24705,22752,22285,169,131,68
350.143@3.505,350.143,3.505,350.14304:4957 351.14639:638 352.14975:417,12422,11901,13232,7.2161994934082,7.2161994934082,116
350.996@5.192,350.996,5.192,350.99603:5006 351.99938:436 353.00274:0,14268,9293,9053,5414,2610,2812
351.996@4.969,351.996,4.969,351.996:4816 352.99935:605 354.00271:0,9494,10275,7554,7397,6829,7382
351.9973@5.317,351.9973,5.317,351.99734:3903 353.00069:0 354.00405:0,8567,11.2213371276855,1276,11.2213371276855,11.2213371276855,11.2213371276855
352.1476@5.754,352.1476,5.754,352.14764:3698 353.15099:919 354.15435:0,11967,9383,13431,12925,10726,12511
352.2436@4.627,352.2436,4.627,352.24359:3144 353.24694:793 354.2503:0,4757,5181,5210,5590,4427,4647
354.156@3.355,354.156,3.355,354.15601:3603 355.15936:56339 356.16272:2908,9015,7403,6829,78,72,6.82714691162109
355.1597@3.353,355.1597,3.353,355.15973:48015 356.16308:2908 357.16644:7835,114841,104754,96737,823,208,1094
355.16@3.509,355.16,3.509,355.16003:20410 356.16338:1756 357.16674:3272,54511,53971,53012,482,213,295
355.1969@6.109,355.1969,6.109,355.19687:6038 356.20022:1056 357.20358:0,15587,15440,16862,15044,15108,17252
355.2075@5.894,355.2075,5.894,355.20752:7726 356.21087:1868 357.21423:0,57734,62246,55088,60134,58094,58338
356.0777@5.662,356.0777,5.662,356.0777:24582 357.08105:3557 358.08441:1108,8.81553268432617,8.81553268432617,66507,8.81553268432617,8.81553268432617,88
356.1434@4.605,356.1434,4.605,356.14343:14020 357.14678:2029 358.15014:734,46164,57642,44519,59902,48431,50422
356.1448@4.509,356.1448,4.509,356.14478:39626 357.14813:7519 358.15149:1540,149205,149620,152053,146464,146929,155860
357.1656@3.353,357.1656,3.353,357.16559:6505 358.16894:596 359.1723:339,16649,16125,15379,486,29.6288818359375,296
357.1756@6.46,357.1756,6.46,357.1756:4914 358.17895:1017 359.18231:4147,25249,25572,24614,28035,27271,27680
357.1783@0.925,357.1783,0.925,357.17831:6818 358.18166:2329 359.18502:842,18446,18547,18083,17108,17074,16234
358.1423@2.826,358.1423,2.826,358.14233:86090 359.14568:16878 360.14904:5856,560361,545747,540773,563213,542671,564729
358.1591@3.931,358.1591,3.931,358.15909:6523 359.16244:746 360.1658:351,21789,23282,19982,24067,23041,25394
358.1602@3.561,358.1602,3.561,358.16016:286572 359.16351:50230 360.16687:9041,840220,826633,814395,948945,907089,960208
359.192@5.958,359.192,5.958,359.19202:28061 360.19537:4704 361.19873:4446,96914,92657,94313,91852,92508,91924
360.323@5.679,360.323,5.679,360.32303:5586 361.32638:1207 362.32974:370,5724,7758,31485,6265,5602,7032
360.3232@4.93,360.3232,4.93,360.32315:3604 361.3265:1440 362.32986:406,9992,10305,10092,9555,10368,11140
360.3235@0.887,360.3235,0.887,360.32346:4011 361.32681:1473 362.33017:0,10835,13357,12888,12737,12926,10550
360.3611@1.484,360.3611,1.484,360.36108:17105 361.36443:3756 362.36779:541,2432,2565,4317,1956,590,91976
362.1555@6.095,362.1555,6.095,362.15552:8320 363.15887:1751 364.16223:214,28061,29169,29803,27273,29164,31212
362.1787@5.307,362.1787,5.307,362.17868:4587 363.18203:1039 364.18539:490,4963,12204,7891,13347,7878,7738
362.9256@5.295,362.9256,5.295,362.92557:5481 363.92892:574 364.93228:0,14574,101.844018554688,3320,101.844018554688,101.844018554688,101.844018554688
363.1944@0.957,363.1944,0.957,363.1944:6257 364.19775:2032 365.20111:840,15232,16601,15935,13448,15983,15763
363.2273@0.874,363.2273,0.874,363.22729:5568 364.23064:2032 365.234:1027,17181,13572,15752,16378,15352,16537
364.0638@7.346,364.0638,7.346,364.06375:4402 365.0671:610 366.07046:338,27473,24972,27724,29473,32646,11566
364.1606@6.269,364.1606,6.269,364.16064:48678 365.16399:10949 366.16735:1222,147359,152433,140227,165721,145074,153733
367.1658@0.895,367.1658,0.895,367.16583:3652 368.16918:1005 369.17254:1618,10507,10796,10873,11317,11462,16057
370.197@1.043,370.197,1.043,370.19696:3366 371.20031:1268 372.20367:0,16712,18780,16690,19303,18162,19421
371.1931@0.894,371.1931,0.894,371.19312:4428 372.19647:1577 373.19983:892,13466,13952,13294,12624,12682,13415
371.2395@4.873,371.2395,4.873,371.23953:11035 372.24288:1562 373.24624:282,32230,29611,30159,30702,28650,31863
372.187@5.691,372.187,5.691,372.18704:3833 373.19039:661 374.19375:367,9909,10195,6514,10922,10362,10307
373.171@6.396,373.171,6.396,373.17096:14586 374.17431:2850 375.17767:925,34265,22746,19778,41751,32302,33949
373.1716@6.824,373.1716,6.824,373.1716:4859 374.17495:776 375.17831:0,12944,13125,12265,15749,11531,13104
374.1709@2.636,374.1709,2.636,374.17093:18721 375.17428:3448 376.17764:864,182981,179150,172766,76926,175916,178897
374.2257@4.627,374.2257,4.627,374.22568:4249 375.22903:827 376.23239:359,10488,10517,10477,10511,11063,10725
375.1748@6.532,375.1748,6.532,375.17477:4093 376.17812:1101 377.18148:699,10918,12398,11708,12364,10439,12600
375.1862@3.562,375.1862,3.562,375.18625:26033 376.1896:5002 377.19296:1156,79738,76248,75943,88067,88448,87358
377.2383@5.756,377.2383,5.756,377.23834:3919 378.24169:893 379.24505:467,8249,7677,1269,8533,8248,8178
379.195@5.684,379.195,5.684,379.19501:29646 380.19836:6333 381.20172:1990,28374,23690,80069,22785,23152,24686
380.1252@2.823,380.1252,2.823,380.12518:3931 381.12853:647 382.13189:411,24703,24041,24991,23415,23202,25378
380.1421@3.56,380.1421,3.56,380.14206:3999 381.14541:618 382.14877:0,16207,14888,15009,14951,15209,15358
380.19@5.773,380.19,5.773,380.19:3886 381.19335:2568 382.19671:980,3975,3674,11898,2876,3310,3658
380.6857@7.784,380.6857,7.784,380.6857:4588 381.68905:536 382.69241:0,16000,15525,16219,13781,13837,15412
382.1532@1.02,382.1532,1.02,382.1532:8394 383.15655:2427 384.15991:723,22130,21460,20741,22166,21286,24155
383.3985@3.74,383.3985,3.74,383.39853:3671 384.40188:1168 385.40524:255,6381,8675,5833,1835,2214,1423
385.1758@0.955,385.1758,0.955,385.17581:6808 386.17916:1653 387.18252:1088,15749,15191,15348,11613,13208,17311
385.1954@8.436,385.1954,8.436,385.1954:15094 386.19875:1472 387.20211:364,105951,119845,123320,110418,101058,34073
385.2071@5.941,385.2071,5.941,385.20706:5046 386.21041:1193 387.21377:468,25951,29017,28744,24061,25589,28834
385.2091@0.874,385.2091,0.874,385.20908:6575 386.21243:2207 387.21579:0,16715,17960,17036,16941,15407,16137
385.2103@0.805,385.2103,0.805,385.21027:4034 386.21362:1416 387.21698:1651,8015,7061,7568,5572,6757,6230
385.2179@5.496,385.2179,5.496,385.21793:21777 386.22128:5546 387.22464:1053,52136,54713,41826,58949,59956,63606
386.2024@6.798,386.2024,6.798,386.20236:9026 387.20571:2212 388.20907:0,21407,22379,25680,27730,27085,26722
387.1504@5.437,387.1504,5.437,387.15036:13240 388.15371:1943 389.15707:870,30323,33620,21870,36815,36447,36236
387.2015@3.407,387.2015,3.407,387.20151:21458 388.20486:4203 389.20822:1108,73306,73261,62163,101762,99632,80864
389.1657@6.881,389.1657,6.881,389.16568:12777 390.16903:2866 391.17239:856,30386,23448,24456,47021,39262,33968
390.1646@3.332,390.1646,3.332,390.16455:9782 391.1679:1934 392.17126:561,49518,49369,50287,54067,54726,55062
392.0268@5.104,392.0268,5.104,392.02679:6501 393.03014:535 394.0335:226,11333,17608,5833,5749,1151,377
393.1762@5.906,393.1762,5.906,393.17621:15833 394.17956:4386 395.18292:993,51645,50026,52001,50204,50267,50303
393.2003@5.078,393.2003,5.078,393.20029:6281 394.20364:2709 395.207:447,14197,12988,15878,15436,15273,14816
394.101@4.499,394.101,4.499,394.10095:7199 395.1043:1877 396.10766:689,31171,31896,32944,28959,31901,32520
395.0804@0.775,395.0804,0.775,395.08038:4379 396.08373:1569 397.08709:322,6388,8296,8320,9731,9699,5595
396.116@3.566,396.116,3.566,396.11603:3477 397.11938:713 398.12274:287,11280,11101,13191,10771,11287,12826
397.1703@5.169,397.1703,5.169,397.17026:8744 398.17361:2142 399.17697:730,27262,17410,37125,45489,50076,54461
397.2066@3.149,397.2066,3.149,397.2066:12714 398.20995:2575 399.21331:664,64151,59989,59347,65587,65255,66354
398.1244@4.959,398.1244,4.959,398.12436:6607 399.12771:1575 400.13107:0,9428,10041,7047,8308,5550,7346
398.1248@5.336,398.1248,5.336,398.12476:18265 399.12811:3372 400.13147:764,45099,16263,43772,3001,1259,438
399.1858@6.577,399.1858,6.577,399.18579:20946 400.18914:4790 401.1925:1098,105794,104003,101738,108551,103411,117129
399.2229@5.695,399.2229,5.695,399.22293:7828 400.22628:3012 401.22964:0,42550,41618,28011,37735,39626,42388
401.1874@5.105,401.1874,5.105,401.18741:4048 402.19076:1091 403.19412:802,4255,3565,7359,5655,8956,10661
401.2019@5.635,401.2019,5.635,401.2019:83221 402.20525:16187 403.20861:3004,381170,396560,293715,410280,403989,405706
401.2021@4.591,401.2021,4.591,401.20209:10542 402.20544:2032 403.2088:454,46838,46664,46031,43308,40775,45042
401.2172@4.016,401.2172,4.016,401.21725:4978 402.2206:1789 403.22396:456,16985,16819,17583,15296,14913,17058
403.2276@7.065,403.2276,7.065,403.2276:3638 404.23095:1130 405.23431:231,10238,10656,12256,9928,10877,10738
404.18@3.351,404.18,3.351,404.17999:4624 405.18334:696 406.1867:394,15855,13611,14549,1559,1905,1203
405.1977@7.932,405.1977,7.932,405.19766:8712 406.20101:2912 407.20437:677,41384,37521,38604,42944,38875,38367
405.212@5.474,405.212,5.474,405.21204:4072 406.21539:1060 407.21875:692,9622,8466,7097,10647,11096,11015
408.2072@8.171,408.2072,8.171,408.20724:3975 409.21059:1172 410.21395:2146,28835,30006,15747,26737,14301,22717
409.0539@5.331,409.0539,5.331,409.05392:7661 410.05727:1262 411.06063:0,23769,506,11213,50.6199005126953,50.6199005126953,50.6199005126953
412.2181@5.354,412.2181,5.354,412.21811:11882 413.22146:3066 414.22482:942,16626,38908,19989,42568,47265,48831
413.1764@6.219,413.1764,6.219,413.17639:6588 414.17974:2456 415.1831:0,13764,13104,13029,15156,13454,14840
415.157@5.904,415.157,5.904,415.15704:3439 416.16039:1108 417.16375:0,10567,9429,10358,9220,9713,9566
415.1818@7.184,415.1818,7.184,415.18182:6344 416.18517:1526 417.18853:0,11859,24722,23903,35490,48148,51239
415.192@6.425,415.192,6.425,415.19196:11155 416.19531:2586 417.19867:896,36821,37201,32093,39014,36424,36846
415.2166@4.661,415.2166,4.661,415.21658:5226 416.21993:1586 417.22329:366,18742,18303,18044,19841,17920,20992
415.2176@5.107,415.2176,5.107,415.21765:73520 416.221:18309 417.22436:3057,121922,103288,142888,144451,179084,203194
417.1786@4.918,417.1786,4.918,417.17862:15092 418.18197:5036 419.18533:1401,33296,34937,33534,33582,33913,35340
418.2331@1.126,418.2331,1.126,418.23306:4894 419.23641:1380 420.23977:808,29929,26089,26157,29872,24340,27732
419.1757@4.946,419.1757,4.946,419.17572:4758 420.17907:1270 421.18243:0,10989,9690,11941,9862,9696,11109
419.9829@4.969,419.9829,4.969,419.98291:4144 420.98626:1084 421.98962:0,7292,8532,6610,7101,6493,6928
419.9844@5.312,419.9844,5.312,419.98444:3048 420.98779:620 421.99115:379,6616,88.224365234375,882,88.224365234375,88.224365234375,88.224365234375
420.1423@3.918,420.1423,3.918,420.14227:9309 421.14562:1834 422.14898:846,32328,31959,31336,38479,30811,38141
421.2064@5.69,421.2064,5.69,421.20636:3703 422.20971:1726 423.21307:0,15854,14713,14581,12640,11415,13642
423.1707@5.107,423.1707,5.107,423.17072:11125 424.17407:2439 425.17743:745,21758,17323,25029,20674,19853,21906
423.1857@5.644,423.1857,5.644,423.1857:15860 424.18905:2779 425.19241:780,74550,71188,80244,73710,74253,79025
426.2954@0.929,426.2954,0.929,426.29535:4930 427.2987:1981 428.30206:351,13020,13093,11939,14059,11442,11532
429.1968@4.098,429.1968,4.098,429.19675:159465 430.2001:34412 431.20346:6114,508227,498712,492707,516970,518072,538850
429.197@4.602,429.197,4.602,429.19699:25800 430.20034:7212 431.2037:937,58213,62318,54830,67999,57584,59519
430.9132@5.295,430.9132,5.295,430.91318:4058 431.91653:278 432.91989:230,10046,9.96468734741211,1282,9.96468734741211,9.96468734741211,9.96468734741211
432.2107@0.916,432.2107,0.916,432.21069:9920 433.21404:3318 434.2174:700,19081,21116,18969,19103,21245,19310
434.1993@5.349,434.1993,5.349,434.19928:9614 435.20263:2961 436.20599:0,10269,25492,11274,31134,28656,32010
437.1995@5.107,437.1995,5.107,437.19946:12952 438.20281:2912 439.20617:465,36238,34222,36104,35408,34034,33148
440.2489@5.194,440.2489,5.194,440.24893:19094 441.25228:0 442.25564:127200,23082,21584,21778,54968,44014,51889
440.2493@5.434,440.2493,5.434,440.2493:52724 441.25265:14777 442.25601:3362,94178,79584,52012,159829,128235,128984
441.2093@6.665,441.2093,6.665,441.20929:4008 442.21264:1084 443.216:621,11750,17940,15548,11227,12939,12505
441.2332@5.18,441.2332,5.18,441.23318:760103 442.23653:176424 443.23989:27699,1720050,1899994,2137019,2607508,2895041,3167149
443.2151@5.874,443.2151,5.874,443.21506:3472 444.21841:0 445.22177:0,10585,12033,12055,9088,11294,11600
445.154@5.105,445.154,5.105,445.15399:7856 446.15734:1869 447.1607:698,17185,15786,16777,13598,10391,8877
445.1672@5.646,445.1672,5.646,445.16724:4315 446.17059:1078 447.17395:526,7716,6290,20498,5674,5202,4795
447.7378@7.434,447.7378,7.434,447.73779:4234 448.74114:556 449.7445:0,14889,14908,14672,14813,14725,9468
448.2272@5.111,448.2272,5.111,448.22717:4958 449.23052:968 450.23388:472,20787,10485,25324,24870,31568,36546
448.2777@0.929,448.2777,0.929,448.27774:5411 449.28109:1433 450.28445:817,13340,13616,13372,11791,8868,11018
451.178@4.104,451.178,4.104,451.17795:3472 452.1813:779 453.18466:385,11788,11009,11590,11532,11760,13011
451.1797@4.6,451.1797,4.6,451.17972:3518 452.18307:992 453.18643:573,9591,8543,7830,10021,8882,9066
453.208@5.922,453.208,5.922,453.20798:9297 454.21133:3614 455.21469:936,23245,24013,23822,23888,22870,24901
454.2277@6.027,454.2277,6.027,454.22772:20518 455.23107:4933 456.23443:1111,80333,77961,78564,77951,77142,84876
454.2309@6.193,454.2309,6.193,454.23093:4365 455.23428:1527 456.23764:483,23534,21699,22536,22369,19731,23401
454.9861@0.776,454.9861,0.776,454.98611:3084 455.98946:1230 456.99282:1820,1362,5679,3629,2690,2852,1787
456.2454@5.95,456.2454,5.95,456.24539:4019 457.24874:1346 458.2521:0,14236,14356,14691,13304,12029,13226
458.2599@5.536,458.2599,5.536,458.25989:7941 459.26324:1754 460.2666:802,15896,11981,8341,23154,22723,22936
459.1818@5.107,459.1818,5.107,459.18182:3604 460.18517:1068 461.18853:0,10469,10127,7296,8444,4745,3437
460.0147@5.102,460.0147,5.102,460.01465:4255 461.018:548 462.02136:0,6347,11308,2780,3403,393,236
460.2495@7.137,460.2495,7.137,460.24951:5287 461.25286:1390 462.25622:3391,22655,24714,21726,22398,19329,20759
460.2798@0.942,460.2798,0.942,460.27982:14248 461.28317:5481 462.28653:1347,34096,29283,29911,23570,22559,24954
461.2344@8.174,461.2344,8.174,461.23438:12546 462.23772:3711 463.24108:713,44179,40353,41350,35294,34610,32748
462.2301@5.435,462.2301,5.435,462.23013:8787 463.23348:2434 464.23684:800,15991,15594,11206,28112,22607,25120
462.2311@5.313,462.2311,5.313,462.23111:4467 463.23446:2440 464.23782:655,3935,15548,9700,19449,23208,24745
463.2162@5.177,463.2162,5.177,463.21616:89209 464.21951:20041 465.22287:3565,351881,354259,354376,343565,318575,325796
465.1103@0.882,465.1103,0.882,465.11035:3251 466.1137:1278 467.11706:554,5172,9098,7193,7890,8138,5414
465.2913@4.734,465.2913,4.734,465.29132:7958 466.29467:2037 467.29803:410,18146,18439,18177,20364,18042,19000
466.1125@5.334,466.1125,5.334,466.11249:10522 467.11584:1679 468.1192:311,27127,1375,16111,74,7.37642822265625,7.37642822265625
467.1338@5.106,467.1338,5.106,467.13379:5854 468.13714:849 469.1405:0,11906,12668,9035,8558,4254,2233
467.1454@5.657,467.1454,5.657,467.14542:4735 468.14877:1684 469.15213:508,353,316,17197,355,63,181
469.239@5.694,469.239,5.694,469.23895:12920 470.2423:3857 471.24566:1740,41394,40780,22105,45460,46142,47561
471.2179@7.153,471.2179,7.153,471.21786:6598 472.22121:2348 473.22457:446,21808,23150,22278,22851,20980,22176
472.2032@6.815,472.2032,6.815,472.20316:6174 473.20651:1139 474.20987:635,20130,24544,38044,24100,24380,27114
472.2287@3.42,472.2287,3.42,472.2287:10207 473.23205:3158 474.23541:539,23291,24300,22133,27758,26984,27889
472.2394@5.799,472.2394,5.799,472.23938:108115 473.24273:28321 474.24609:5968,244114,203032,154516,306313,254413,264418
473.2227@4.546,473.2227,4.546,473.22269:13702 474.22604:0 475.2294:0,58246,58770,55851,61051,58093,62890
473.2349@8.046,473.2349,8.046,473.23489:17720 474.23824:4474 475.2416:1110,91231,90949,89572,88872,84630,88392
474.1173@0.776,474.1173,0.776,474.11734:3933 475.12069:1569 476.12405:485,5532,5943,5786,7156,7180,3635
474.252@4.557,474.252,4.557,474.25195:5578 475.2553:1547 476.25866:0,14722,14785,14565,14752,14163,14458
475.2165@3.438,475.2165,3.438,475.21652:10433 476.21987:3212 477.22323:886,41172,37501,39662,41265,41278,45324
476.2344@7.96,476.2344,7.96,476.23441:10940 477.23776:3413 478.24112:1267,46504,46634,48010,41496,45154,49036
477.0401@5.323,477.0401,5.323,477.04013:4160 478.04348:609 479.04684:0,13824,110,5061,11.0262367248535,11.0262367248535,11.0262367248535
477.2424@5.104,477.2424,5.104,477.24237:5355 478.24572:1564 479.24908:287,16425,13635,17660,18217,21324,24485
478.2403@7.455,478.2403,7.455,478.24026:22790 479.24361:6287 480.24697:987,139854,137259,155820,107000,143285,136425
479.1866@4.763,479.1866,4.763,479.18658:3836 480.18993:1026 481.19329:446,14604,14342,13479,13019,11485,12415
479.2046@5.106,479.2046,5.106,479.20462:3735 480.20797:674 481.21133:572,11663,9220,13066,12055,12503,11034
480.2809@4.77,480.2809,4.77,480.28094:17046 481.28429:4852 482.28765:1035,97728,101814,110281,83834,93659,99527
482.2614@0.939,482.2614,0.939,482.26135:12742 483.2647:5553 484.26806:1240,25881,29496,28114,21412,20665,22603
483.2541@6.634,483.2541,6.634,483.25415:67408 484.2575:17195 485.26086:4240,195469,193261,191490,200647,193741,206632
484.239@6.297,484.239,6.297,484.23895:25216 485.2423:7826 486.24566:1762,93304,97322,92260,103608,96366,101371
485.1981@5.174,485.1981,5.174,485.19806:28056 486.20141:7279 487.20477:744,121616,105810,94938,62721,44920,39197
486.2537@5.568,486.2537,5.568,486.25366:6495 487.25701:2305 488.26037:647,6977,8584,6351,12624,20514,16417
487.2136@6.794,487.2136,6.794,487.21356:5219 488.21691:1504 489.22027:1367,16185,15857,21747,20022,19103,20936
487.2393@4.521,487.2393,4.521,487.23926:6541 488.24261:2798 489.24597:224,12722,9659,10595,12197,13629,9905
487.2534@2.108,487.2534,2.108,487.25339:43636 488.25674:11678 489.2601:2337,320739,352824,352016,374362,368793,378327
487.9702@4.974,487.9702,4.974,487.97015:3405 488.9735:503 489.97686:0,5671,7171,5495,5233,4241,5788
488.3056@6.936,488.3056,6.936,488.30563:8032 489.30898:3667 490.31234:871,14336,13315,12247,16915,22858,29482
489.1166@5.107,489.1166,5.107,489.11661:3774 490.11996:642 491.12332:264,7306,8729,4922,4207,1554,674
489.2251@7.849,489.2251,7.849,489.22507:20429 490.22842:3478 491.23178:0,69337,71257,69956,67921,62142,53397
490.2124@6.982,490.2124,6.982,490.21237:6307 491.21572:1473 492.21908:0,23537,22816,18928,26482,25562,24022
490.2741@4.014,490.2741,4.014,490.27411:50798 491.27746:12561 492.28082:2365,326926,312712,317803,334917,330369,355880
491.2113@4.249,491.2113,4.249,491.21133:3366 492.21468:1174 493.21804:316,7245,6378,7650,7343,7207,8217
491.2227@5.695,491.2227,5.695,491.22272:9036 492.22607:2348 493.22943:1494,29069,25329,29126,27214,28137,28452
493.7324@7.67,493.7324,7.67,493.73245:5471 494.7358:993 495.73916:0,24300,30526,29606,22483,25320,21446
494.2204@5.798,494.2204,5.798,494.22043:8493 495.22378:3024 496.22714:0,24667,24512,27225,27136,25807,27313
496.2741@5.368,496.2741,5.368,496.27414:5803 497.27749:3801 498.28085:1077,8448,12928,8293,15898,16031,17388
499.2131@7.056,499.2131,7.056,499.21307:14953 500.21642:4296 501.21978:3819,64432,65885,68951,79571,80603,103016
499.2141@6.845,499.2141,6.845,499.21414:84150 500.21749:22664 501.22085:4413,244837,230061,337612,359534,389766,370555
499.2492@5.925,499.2492,5.925,499.24918:3933 500.25253:1419 501.25589:884,15440,14907,16008,16681,15559,17845
499.2658@4.171,499.2658,4.171,499.26578:3433 500.26913:1209 501.27249:0,11911,11734,12006,13813,13237,13724
499.2981@6.775,499.2981,6.775,499.29807:3620 500.30142:1099 501.30478:404,5354,6241,12157,11800,11962,14523
501.2281@7.031,501.2281,7.031,501.22809:6184 502.23144:0 503.2348:556,21581,22769,23631,24107,27433,29200
502.2129@6.712,502.2129,6.712,502.21295:3449 503.2163:1740 504.21966:711,9708,9411,7303,11735,9079,8935
502.2618@4.785,502.2618,4.785,502.26175:3162 503.2651:945 504.26846:245,15285,17296,17140,14153,18582,15672
503.4033@4.567,503.4033,4.567,503.40329:6957 504.40664:2061 505.41:0,23586,22784,25290,25961,25811,26192
507.1791@5.173,507.1791,5.173,507.17905:11089 508.1824:3060 509.18576:602,48538,38811,16492,14610,7150,4384
509.2346@2.122,509.2346,2.122,509.23465:4802 510.238:1007 511.24136:580,30423,27331,29242,28256,23231,31575
511.2274@5.386,511.2274,5.386,511.22736:26535 512.23071:8335 513.23407:2106,55086,74169,47774,84135,86693,89853
511.2494@6.277,511.2494,6.277,511.24942:14488 512.25277:7264 513.25613:1416,68024,64494,70419,71737,69051,76240
512.1946@7.091,512.1946,7.091,512.19458:8875 513.19793:2452 514.20129:607,17654,19196,17147,18837,23701,27663
512.2065@5.679,512.2065,5.679,512.20654:11212 513.20989:5231 514.21325:0,340,286,27317,250,268,551
512.2341@7.161,512.2341,7.161,512.23407:4751 513.23742:1489 514.24078:637,16900,17057,18093,21914,21357,23971
512.2693@5.86,512.2693,5.86,512.26929:11475 513.27264:3493 514.276:960,31473,27604,29722,29869,35549,34982
516.3121@6.859,516.3121,6.859,516.31207:3326 517.31542:1563 518.31878:462,4474,4966,7585,6108,10353,11306
522.2897@2.936,522.2897,2.936,522.28967:3503 523.29302:920 524.29638:595,18391,16531,18559,19672,18840,18805
523.17@5.334,523.17,5.334,523.16998:7375 524.17333:1874 525.17669:547,16527,3649,15635,477,8.21027297973633,8.21027297973633
523.2468@5.7,523.2468,5.7,523.24677:3919 524.25012:1670 525.25348:513,19996,19872,22227,16884,19249,22853
524.306@5.068,524.306,5.068,524.30603:22266 525.30938:6839 526.31274:1464,34951,23220,40410,34608,58132,64618
527.2121@6.875,527.2121,6.875,527.2121:3463 528.21545:602 529.21881:855,9691,10971,13487,5946,4429,765
528.2653@6,528.2653,6,528.26532:7300 529.26867:2913 530.27203:831,23403,25495,25616,23877,25382,26038
528.2664@6.178,528.2664,6.178,528.26636:5797 529.26971:2260 530.27307:669,28844,30536,30244,28441,26680,28223
529.2223@7.245,529.2223,7.245,529.22229:4289 530.22564:460 531.229:367,15906,14737,15480,16529,15984,17305
529.2956@6.94,529.2956,6.94,529.29565:4977 530.299:1337 531.30236:547,13448,16557,12721,18077,18817,18929
530.2615@0.925,530.2615,0.925,530.26154:3937 531.26489:1370 532.26825:592,10459,9890,11542,8099,8697,8632
531.2418@6.4,531.2418,6.4,531.24176:7469 532.24511:2842 533.24847:867,26428,26142,27634,23073,25479,26649
531.348@8.127,531.348,8.127,531.34802:4871 532.35137:1401 533.35473:293,26630,25711,24053,26152,25751,24021
532.2052@3.054,532.2052,3.054,532.2052:5259 533.20855:1205 534.21191:457,16751,14099,15662,16169,16375,16998
532.2354@3.51,532.2354,3.51,532.23535:4355 533.2387:476 534.24206:684,10346,9715,10204,234,291,379
532.2748@3.424,532.2748,3.424,532.27484:23781 533.27819:8164 534.28155:1724,58650,59286,58357,65840,66077,60091
533.2123@5.383,533.2123,5.383,533.21234:4608 534.21569:1321 535.21905:400,14398,12914,14644,13653,13309,14299
534.0989@5.334,534.0989,5.334,534.09894:7529 535.10229:1328 536.10565:233,20039,976,11894,15.363249206543,15.363249206543,15.363249206543
535.2359@3.548,535.2359,3.548,535.2359:5737 536.23925:1292 537.24261:645,16830,17774,16403,463,75,64
536.233@6.005,536.233,6.005,536.23297:7327 537.23632:3799 538.23968:721,17329,15318,13523,24626,23477,20111
538.3342@4.623,538.3342,4.623,538.33423:6608 539.33758:2259 540.34094:700,12755,13290,12978,12282,12081,13299
539.2919@5.704,539.2919,5.704,539.29187:9478 540.29522:3291 541.29858:1626,34557,37363,25074,35208,36464,37282
540.2274@5.266,540.2274,5.266,540.22736:6719 541.23071:2882 542.23407:891,16577,28172,20656,26633,29204,30984
540.2415@6.328,540.2415,6.328,540.24152:10185 541.24487:3087 542.24823:1960,74577,83504,85100,65563,62528,41250
544.2714@7.953,544.2714,7.953,544.27136:5763 545.27471:1295 546.27807:472,33521,31822,32118,31690,34656,32965
546.2756@4.59,546.2756,4.59,546.27563:15359 547.27898:5597 548.28234:1234,41902,38858,41811,37277,42498,41858
546.4247@3.409,546.4247,3.409,546.42468:9603 547.42803:3788 548.43139:878,42773,30699,43953,56466,60760,20909
547.2126@7.25,547.2126,7.25,547.21259:3421 548.21594:1496 549.2193:377,10669,11263,11357,11393,10261,9946
550.2702@3.411,550.2702,3.411,550.2702:4219 551.27355:1616 552.27691:426,13523,13977,13445,10524,12719,15212
551.2388@4.495,551.2388,4.495,551.23877:4478 552.24212:1940 553.24548:1029,10698,10898,10961,11123,10154,10695
554.1859@3.056,554.1859,3.056,554.18591:3806 555.18926:1203 556.19262:330,10916,10850,10847,10659,11254,12173
554.3027@7.196,554.3027,7.196,554.30267:4249 555.30602:1528 556.30938:415,11897,11240,11125,14124,15430,18263
555.2762@6.163,555.2762,6.163,555.27625:124633 556.2796:34479 557.28296:6320,482854,459871,419033,495331,419085,449607
555.3093@5.5,555.3093,5.5,555.30933:6134 556.31268:1863 557.31604:1709,21573,19770,12267,25456,35499,32787
557.1034@5.102,557.1034,5.102,557.10345:3302 558.1068:644 559.11016:285,5368,7453,2488,3102,206,107
557.2956@0.929,557.2956,0.929,557.29559:12361 558.29894:5060 559.3023:1518,34693,42060,31656,30845,32520,45733
557.303@7.14,557.303,7.14,557.30298:6351 558.30633:2167 559.30969:921,19512,22490,21801,20469,23505,24515
557.3058@3.405,557.3058,3.405,557.30579:14019 558.30914:5281 559.3125:1175,33922,33579,32494,42284,43142,48614
558.2868@6.599,558.2868,6.599,558.2868:18255 559.29015:5560 560.29351:1431,60059,70571,79548,62479,74516,76019
562.2595@4.248,562.2595,4.248,562.25952:3435 563.26287:1125 564.26623:298,12845,12471,13275,11662,13296,13820
569.2295@4.922,569.2295,4.922,569.22949:6587 570.23284:1936 571.2362:0,16802,14813,14540,17954,16715,18850
569.2934@6.063,569.2934,6.063,569.2934:6512 570.29675:2113 571.30011:530,27295,25761,27704,23088,23516,26449
569.3254@6.908,569.3254,6.908,569.32538:6340 570.32873:2199 571.33209:775,12942,12126,11181,17172,23703,26729
570.2776@1.531,570.2776,1.531,570.27765:3822 571.281:1445 572.28436:477,14586,15585,16751,18586,19356,17920
571.2086@5.423,571.2086,5.423,571.20862:7276 572.21197:2407 573.21533:846,13875,7607,19775,6857,5344,6415
573.2498@6.727,573.2498,6.727,573.24982:32023 574.25317:10626 575.25653:2602,92296,86284,81585,98426,85388,88725
573.3112@4.31,573.3112,4.31,573.31122:5228 574.31457:1749 575.31793:352,21097,20908,20005,22866,22897,23138
574.2846@3.333,574.2846,3.333,574.28455:3970 575.2879:1952 576.29126:792,13622,12209,11884,1236,2353,2400
575.1663@5.171,575.1663,5.171,575.16626:5773 576.16961:1186 577.17297:411,25689,19703,13232,4073,1000,537
575.311@3.434,575.311,3.434,575.31104:4258 576.31439:1709 577.31775:392,14622,15773,22319,21927,27832,21173
576.3221@7.236,576.3221,7.236,576.32214:4904 577.32549:1611 578.32885:523,26359,26396,24582,28594,33395,35429
577.2455@7.248,577.2455,7.248,577.24554:10021 578.24889:2622 579.25225:653,33482,28067,29630,29611,30158,32744
577.2576@6.165,577.2576,6.165,577.25757:20647 578.26092:6394 579.26428:1832,80824,77445,69999,78133,71251,70423
577.2798@8.002,577.2798,8.002,577.27979:4875 578.28314:1618 579.2865:3382,19665,18013,18163,16989,18293,16199
578.1749@5.651,578.1749,5.651,578.17493:3553 579.17828:827 580.18164:712,143,6.46792221069336,7503,79,105,6.46792221069336
579.2777@0.927,579.2777,0.927,579.27771:15034 580.28106:7035 581.28442:973,33978,37522,33959,36830,35538,33953
585.2498@7.285,585.2498,7.285,585.24976:9241 586.25311:3117 587.25647:866,29269,29403,30315,30935,30617,38012
587.318@3.514,587.318,3.514,587.31799:4877 588.32134:2505 589.3247:442,2097,6117,5179,19382,17127,17034
588.301@4.764,588.301,4.764,588.30096:83740 589.30431:31940 590.30767:7231,187539,215135,225048,193667,235622,239401
589.2478@6.327,589.2478,6.327,589.2478:14968 590.25115:4375 591.25451:761,26976,24227,26820,35365,29300,31978
589.2735@6.523,589.2735,6.523,589.2735:144358 590.27685:44093 591.28021:8484,564225,552715,575695,526935,553709,564731
591.1569@5.334,591.1569,5.334,591.15692:8926 592.16027:2012 593.16363:465,21227,855,14138,85.5006591796875,85.5006591796875,85.5006591796875
592.3282@7.101,592.3282,7.101,592.32819:4185 593.33154:1143 594.3349:529,3447,3347,3372,6509,8711,11357
594.322@5.391,594.322,5.391,594.32196:3660 595.32531:2128 596.32867:415,8767,11664,7025,12881,13826,13486
594.3227@5.577,594.3227,5.577,594.32269:423601 595.32604:145589 596.3294:27706,987482,1204381,682977,1170426,1299941,1334433
599.3278@5.088,599.3278,5.088,599.32776:13732 600.33111:5160 601.33447:982,44250,35973,54748,51665,58951,68973
600.2602@7.008,600.2602,7.008,600.26025:4863 601.2636:1897 602.26696:701,18759,17754,18211,22078,22402,23168
600.3202@4.265,600.3202,4.265,600.32019:4553 601.32354:2719 602.3269:544,10759,9570,8449,11747,11135,10478
601.3704@6.225,601.3704,6.225,601.37042:6811 602.37377:3226 603.37713:737,29148,32413,33755,23638,28082,29027
602.0869@5.329,602.0869,5.329,602.08691:4188 603.09026:853 604.09362:0,12275,198,5377,19.8374984741211,19.8374984741211,19.8374984741211
603.3336@6.648,603.3336,6.648,603.33356:9088 604.33691:2781 605.34027:1097,31469,34436,35689,33470,34706,36585
604.3156@5.105,604.3156,5.105,604.31555:4209 605.3189:1558 606.32226:605,3903,2158,5556,4879,6688,9329
608.3372@5.064,608.3372,5.064,608.33722:8243 609.34057:4203 610.34393:504,15794,10613,19831,16304,23946,26975
610.183@0.646,610.183,0.646,610.18298:30144 611.18633:20741 612.18969:14904,74647,18644,7567,17525,12819,75076
610.2819@4.768,610.2819,4.768,610.28192:8169 611.28527:3036 612.28863:454,19787,20312,24675,20082,22579,24619
611.253@6.526,611.253,6.526,611.25305:3514 612.2564:1216 613.25976:0,13195,13789,13200,11368,11820,11266
612.2686@5.105,612.2686,5.105,612.26862:4658 613.27197:2574 614.27533:1175,3510,2500,5423,3981,6698,9274
614.2747@5.179,614.2747,5.179,614.27466:5604 615.27801:1990 616.28137:0,9477,12295,12571,13876,14385,14831
614.313@6.208,614.313,6.208,614.31299:17989 615.31634:7030 616.3197:1555,57482,50155,52387,54872,52105,52558
616.3045@5.578,616.3045,5.578,616.3045:81429 617.30785:29081 618.31121:5646,214237,234844,190615,214824,232477,249742
618.2966@4.598,618.2966,4.598,618.29657:6657 619.29992:2294 620.30328:695,15663,14027,15996,15068,15352,16459
619.3068@5.581,619.3068,5.581,619.30676:14169 620.31011:5714 621.31347:1360,43620,46292,36253,45402,45916,47987
620.463@2.892,620.463,2.892,620.46295:6901 621.4663:2393 622.46966:532,20096,21344,20663,11364,12408,9909
622.3163@4.894,622.3163,4.894,622.31628:5746 623.31963:2014 624.32299:1076,14742,14015,14713,15536,15431,16587
623.2359@5.673,623.2359,5.673,623.2359:9214 624.23925:3603 625.24261:927,7.06266937255859,108,22508,81,95,7.06266937255859
624.3323@5.35,624.3323,5.35,624.33228:5609 625.33563:1953 626.33899:460,7373,15330,9286,16299,18745,20470
624.3341@5.723,624.3341,5.723,624.33405:4195 625.3374:2220 626.34076:616,19315,21639,12885,17625,17268,19926
625.3615@6.817,625.3615,6.817,625.36151:4141 626.36486:1681 627.36822:798,1788,1874,7759,9269,13138,14477
627.4059@4.561,627.4059,4.561,627.40588:3126 628.40923:1366 629.41259:0,1306,5404,10168,334,6505,7842
628.3289@4.934,628.3289,4.934,628.32886:29828 629.33221:12266 630.33557:3656,66799,62265,64649,61717,60871,66328
630.3188@5.063,630.3188,5.063,630.31885:3621 631.3222:1634 632.32556:484,7072,4553,8297,6800,10751,12711
631.3058@3.978,631.3058,3.978,631.30585:5249 632.3092:2014 633.31256:446,9738,8486,8580,13824,9373,13112
632.2796@5.577,632.2796,5.577,632.2796:3561 633.28295:1487 634.28631:0,4480,10713,1109,9051,10519,11212
632.324@7.75,632.324,7.75,632.32397:21605 633.32732:0 634.33068:5057,73339,78862,78155,70899,67901,66717
634.2535@5.107,634.2535,5.107,634.25348:4336 635.25683:2427 636.26019:1512,5088,4218,7970,5139,7490,8802
635.3164@3.425,635.3164,3.425,635.31641:11768 636.31976:5678 637.32312:936,28920,28563,27134,31653,31962,31067
636.2583@5.18,636.2583,5.18,636.2583:4784 637.26165:1903 638.26501:0,9981,12204,12000,10096,8836,7558
637.2803@6.269,637.2803,6.269,637.28033:20538 638.28368:7364 639.28704:2174,43868,48313,55945,46850,61807,63328
638.2875@5.579,638.2875,5.579,638.28748:20376 639.29083:7664 640.29419:1634,21471,6492,70744,5253,6011,6196
640.294@5.829,640.294,5.829,640.29395:17829 641.2973:5668 642.30066:1666,86777,98219,88625,76962,86549,72809
641.2878@6.643,641.2878,6.643,641.28778:7477 642.29113:0 643.29449:0,26447,25237,25465,27811,25371,26938
641.2899@5.582,641.2899,5.582,641.28986:3643 642.29321:1857 643.29657:201,11636,11128,11006,10659,10116,11746
641.3046@8.065,641.3046,8.065,641.30457:9745 642.30792:2867 643.31128:736,50540,71340,86440,71145,62050,91477
642.3087@6.615,642.3087,6.615,642.30872:224056 643.31207:77962 644.31543:14797,670367,759171,759054,564713,620986,668935
643.1552@5.178,643.1552,5.178,643.15515:3859 644.1585:1087 645.16186:266,16250,10155,2881,1476,206,97
644.3335@7.312,644.3335,7.312,644.3335:6534 645.33685:2524 646.34021:784,17754,17877,17872,20447,19275,28263
645.2836@3.296,645.2836,3.296,645.28363:3606 646.28698:1449 647.29034:343,13198,12310,13928,16052,16679,16346
646.4791@2.86,646.4791,2.86,646.47913:6185 647.48248:3297 648.48584:5469,20528,21529,19056,13400,14682,12303
648.2157@5.334,648.2157,5.334,648.2157:7209 649.21905:2292 650.22241:358,12635,3145,16103,71,92,7.09057464599609
648.4934@2.864,648.4934,2.864,648.49341:5306 649.49676:2454 650.50012:840,18314,18485,17952,13560,15373,13905
651.2938@5.543,651.2938,5.543,651.29382:7269 652.29717:2239 653.30053:789,18632,16695,30102,15037,16068,19091
654.3066@5.16,654.3066,5.16,654.30664:26797 655.30999:9993 656.31335:2444,35796,38398,50036,56189,59798,71572
654.3409@5.873,654.3409,5.873,654.34094:5692 655.34429:3969 656.34765:1778,32092,35303,29263,29978,26809,48629
654.6106@4.573,654.6106,4.573,654.6106:6304 655.61395:2401 656.61731:0,22545,13027,23097,25345,26084,28319
656.2339@5.106,656.2339,5.106,656.23389:3287 657.23724:976 658.2406:356,5509,4000,6801,4853,4721,4137
657.3191@4.543,657.3191,4.543,657.31909:9883 658.32244:4346 659.3258:1120,38310,37184,37270,46600,44432,47510
659.1444@5.334,659.1444,5.334,659.14435:7468 660.1477:2181 661.15106:540,19987,1065,14570,7.46142730712891,7.46142730712891,75
659.2852@6.515,659.2852,6.515,659.28522:4286 660.28857:1886 661.29193:558,16705,13554,12930,20402,16175,17410
664.2896@6.614,664.2896,6.614,664.28955:17660 665.2929:7700 666.29626:1807,49647,57435,60222,42836,49118,54608
665.3599@5.399,665.3599,5.399,665.35986:7058 666.36321:2739 667.36657:724,18127,25851,16434,26139,29240,30283
668.3954@5.053,668.3954,5.053,668.39545:9883 669.3988:4306 670.40216:712,25033,29165,51232,13887,39980,40376
668.3967@4.908,668.3967,4.908,668.39667:41193 669.40002:14804 670.40338:2840,144333,207875,261565,50164,175562,173909
669.3582@2.887,669.3582,2.887,669.35815:6681 670.3615:2835 671.36486:987,33023,33037,32725,32880,33873,35620
670.3376@6.051,670.3376,6.051,670.33759:6441 671.34094:2656 672.3443:1911,16181,11302,9627,29920,24616,22910
670.3408@6.09,670.3408,6.09,670.34082:4435 671.34417:2492 672.34753:0,13339,8751,10102,25814,17832,19085
672.3193@6.017,672.3193,6.017,672.31927:5576 673.32262:3201 674.32598:617,21680,20943,20388,24094,23359,23206
674.2792@7.173,674.2792,7.173,674.27924:6474 675.28259:2710 676.28595:710,23981,22806,21977,27043,32204,32229
674.5088@2.831,674.5088,2.831,674.50879:5275 675.51214:2252 676.5155:1353,17621,19668,17904,12768,12069,11874
675.6719@0.89,675.6719,0.89,675.67194:4133 676.67529:1831 677.67865:737,13318,10141,10882,11363,10189,13996
676.2887@5.16,676.2887,5.16,676.2887:10211 677.29205:3801 678.29541:1226,23880,25486,25332,26136,24384,24825
677.2951@6.483,677.2951,6.483,677.2951:5665 678.29845:0 679.30181:0,32856,32136,33142,32338,32296,33163
678.3166@7.312,678.3166,7.312,678.31665:3412 679.32:1259 680.32336:304,8179,7382,8328,8525,7569,11885
679.3015@4.555,679.3015,4.555,679.30145:4393 680.3048:1424 681.30816:0,15600,13245,13896,17378,16387,19251
681.3514@5.725,681.3514,5.725,681.35138:4018 682.35473:1345 683.35809:585,11789,12719,7752,11959,11685,12854
681.354@5.889,681.354,5.889,681.354:4722 682.35735:1748 683.36071:663,11749,13749,11802,13847,14568,15541
682.6436@4.568,682.6436,4.568,682.64362:4753 683.64697:1815 684.65033:0,19030,19082,21052,19854,21096,22046
684.1998@0.642,684.1998,0.642,684.19983:24836 685.20318:17874 686.20654:14740,61923,15626,2527,12937,2973,65413
684.3168@6.415,684.3168,6.415,684.31683:8985 685.32018:3926 686.32354:1086,37690,36747,36626,45318,47764,49167
686.3083@5.534,686.3083,5.534,686.30829:10745 687.31164:3324 688.315:863,12471,7075,32882,4400,5314,4853
687.3177@3.559,687.3177,3.559,687.31769:7228 688.32104:2360 689.3244:1195,14987,14217,13765,21231,19835,21780
690.3768@5.047,690.3768,5.047,690.37683:5069 691.38018:1645 692.38354:483,12283,13553,25349,7522,19951,20439
690.3784@4.928,690.3784,4.928,690.37836:15323 691.38171:6945 692.38507:1379,48177,68204,84352,24419,60395,60866
690.5054@2.905,690.5054,2.905,690.50537:4551 691.50872:1725 692.51208:939,13425,13146,12829,10419,9284,9464
695.2752@4.542,695.2752,4.542,695.27521:10008 696.27856:5352 697.28192:1357,35216,33660,33595,36283,34561,38709
695.3686@5.704,695.3686,5.704,695.36859:5032 696.37194:2737 697.3753:676,12598,11172,7041,12773,15206,15667
697.6326@3.424,697.6326,3.424,697.63257:9241 698.63592:4580 699.63928:947,33371,33526,50769,60335,42492,43491
705.3548@3.955,705.3548,3.955,705.3548:55182 706.35815:23944 707.36151:5347,122569,109415,108366,142266,110032,141579
706.2737@5.579,706.2737,5.579,706.27374:6473 707.27709:2286 708.28045:1304,1327,124,21229,71,202,155
708.2901@5.54,708.2901,5.54,708.2901:4202 709.29345:1557 710.29681:731,2100,11.294580078125,15312,11.294580078125,113,405
709.3489@5.889,709.3489,5.889,709.34888:8592 710.35223:3475 711.35559:859,32014,35095,33409,31246,28836,31022
710.3086@7.565,710.3086,7.565,710.30859:15924 711.31194:5712 712.3153:1606,66092,76059,76523,50636,66028,66910
711.2498@4.535,711.2498,4.535,711.24982:9265 712.25317:4011 713.25653:2050,21756,24930,25237,21742,19790,25108
712.324@5.501,712.324,5.501,712.32404:9328 713.32739:4087 714.33075:942,25457,14751,35708,16415,15417,14468
712.3597@4.923,712.3597,4.923,712.35974:6571 713.36309:3068 714.36645:871,13955,19492,23024,6294,17176,17083
715.2756@2.829,715.2756,2.829,715.27563:4399 716.27898:1742 717.28234:620,21271,19227,18315,20482,19411,21292
715.3123@3.562,715.3123,3.562,715.31226:39857 716.31561:15342 717.31897:3253,80639,75417,77522,103852,96233,102810
716.2012@5.334,716.2012,5.334,716.20123:8028 717.20458:2584 718.20794:555,18027,912,16180,91.2494018554688,91.2494018554688,91.2494018554688
718.5355@2.876,718.5355,2.876,718.53552:3566 719.53887:1015 720.54223:412,11993,11094,10033,10261,9902,10264
720.3365@6.939,720.3365,6.939,720.33649:3804 721.33984:1406 722.3432:805,6826,13778,14934,20493,21804,24141
720.3784@4.138,720.3784,4.138,720.37836:18049 721.38171:8372 722.38507:2090,101419,97367,98430,105640,101977,110939
725.6639@3.42,725.6639,3.42,725.66388:8101 726.66723:4259 727.67059:736,16165,26615,42352,17523,35983,38505
727.1315@5.334,727.1315,5.334,727.13147:4047 728.13482:897 729.13818:285,10937,174,6690,17.4467422485352,17.4467422485352,17.4467422485352
727.3953@5.729,727.3953,5.729,727.39532:3605 728.39867:1717 729.40203:0,16338,10023,9573,19780,16917,17032
728.3558@6.598,728.3558,6.598,728.35583:19808 729.35918:8369 730.36254:2555,44409,49326,57540,43420,55390,54229
732.2844@5.166,732.2844,5.166,732.28442:3412 733.28777:1549 734.29113:433,4439,4266,4925,6930,7080,8587
734.306@5.501,734.306,5.501,734.30603:4721 735.30938:1668 736.31274:454,7773,1622,17552,799,699,605
737.2579@2.825,737.2579,2.825,737.25787:6708 738.26122:2412 739.26458:1137,30888,28070,28471,30057,27877,31629
737.2922@3.566,737.2922,3.566,737.29218:5725 738.29553:1850 739.29889:505,14157,13844,14509,16224,15492,18704
741.3399@6.313,741.3399,6.313,741.3399:4806 742.34325:2121 743.34661:925,9096,8396,9284,10091,10259,12913
752.4167@4.545,752.4167,4.545,752.41669:18020 753.42004:9129 754.4234:2240,55365,54076,53693,59675,59441,62807
753.2664@3.567,753.2664,3.567,753.26636:3877 754.26971:956 755.27307:476,8791,8325,10115,10363,11383,12990
754.5808@0.947,754.5808,0.947,754.58081:3637 755.58416:2534 756.58752:1654,7717,8107,6873,4706,4754,5036
758.2186@0.641,758.2186,0.641,758.21857:15368 759.22192:14345 760.22528:10802,36804,19002,1262,6773,923,41293
769.3815@8.441,769.3815,8.441,769.38147:7224 770.38482:2716 771.38818:946,56833,52159,51613,42827,51716,49983
770.3303@6.394,770.3303,6.394,770.33032:5864 771.33367:2465 772.33703:498,48599,46444,48544,39045,37133,13068
770.3986@5.951,770.3986,5.951,770.39856:8572 771.40191:3137 772.40527:825,30306,36231,42105,22928,35285,36128
770.5755@0.971,770.5755,0.971,770.5755:6394 771.57885:3335 772.58221:2049,14875,12830,14757,8814,9242,8384
773.2605@5.334,773.2605,5.334,773.2605:6586 774.26385:2335 775.26721:793,8671,2046,14439,6.69770965576172,6.69770965576172,6.69770965576172
773.3657@6.257,773.3657,6.257,773.36572:3238 774.36907:1524 775.37243:547,8971,9118,7958,9481,8389,7908
784.1888@5.334,784.1888,5.334,784.18884:5851 785.19219:2148 786.19555:503,13377,246,10364,24.563117980957,24.563117980957,24.563117980957
784.3704@3.551,784.3704,3.551,784.37042:8267 785.37377:3072 786.37713:1088,12189,11703,11768,25076,25581,25726
786.2775@5.017,786.2775,5.017,786.27747:5295 787.28082:4311 788.28418:732,9974,6126,8821,9502,10522,12323
792.3597@7.074,792.3597,7.074,792.35968:28309 793.36303:11712 794.36639:3256,75816,79875,75289,85387,86455,87315
798.6074@0.959,798.6074,0.959,798.60736:5586 799.61071:0 800.61407:0,11740,10259,12610,7837,9247,7907
